Need a decent dining spot in Ottawa? Microsoft suggested a food bank,2 days ago,"['https://news.google.com/articles/CBMiQmh0dHBzOi8vd3d3LnRoZXJlZ2lzdGVyLmNvbS8yMDIzLzA4LzE4L21pY3Jvc29mdF9jYW5hZGFfZm9vZF9iYW5rL9IBRmh0dHBzOi8vd3d3LnRoZXJlZ2lzdGVyLmNvbS9BTVAvMjAyMy8wOC8xOC9taWNyb3NvZnRfY2FuYWRhX2Zvb2RfYmFuay8?hl=en-US&gl=US&ceid=US%3Aen', 'https://news.google.com/articles/CBMiSGh0dHBzOi8vd3d3LmNic25ld3MuY29tL25ld3MvbWljcm9zb2Z0LWFpLXRyYXZlbC1ndWlkZS1vdHRhd2EtZm9vZC1iYW5rL9IBAA?hl=en-US&gl=US&ceid=US%3Aen', 'https://news.google.com/articles/CBMiiAFodHRwczovL3d3dy5lbmdhZGdldC5jb20vbWljcm9zb2Z0LXJldHJhY3RzLWFpLXdyaXR0ZW4tYXJ0aWNsZS1hZHZpc2luZy10b3VyaXN0cy10by12aXNpdC1hLWZvb2QtYmFuay1vbi1hbi1lbXB0eS1zdG9tYWNoLTE4MjcwMTg4NC5odG1s0gGMAWh0dHBzOi8vd3d3LmVuZ2FkZ2V0LmNvbS9hbXAvbWljcm9zb2Z0LXJldHJhY3RzLWFpLXdyaXR0ZW4tYXJ0aWNsZS1hZHZpc2luZy10b3VyaXN0cy10by12aXNpdC1hLWZvb2QtYmFuay1vbi1hbi1lbXB0eS1zdG9tYWNoLTE4MjcwMTg4NC5odG1s?hl=en-US&gl=US&ceid=US%3Aen', 'https://news.google.com/articles/CBMiLGh0dHBzOi8vd3d3LmNiYy5jYS9wbGF5ZXIvcGxheS8yMjU2MzUzMzQ3OTYw0gEA?hl=en-US&gl=US&ceid=US%3Aen']"
The Chrome Cast 235: Discontinued development Chromebooks left and right,2 days ago,"['https://news.google.com/articles/CBMiUWh0dHBzOi8vY2hyb21ldW5ib3hlZC5jb20vdGhlLWNocm9tZS1jYXN0LTIzNS1zbmFwZHJhZ29uLW52aWRpYS1ncHUtZGlzY29udGludWVkL9IBAA?hl=en-US&gl=US&ceid=US%3Aen', 'https://news.google.com/articles/CBMiVmh0dHBzOi8vd3d3LnRvbXNoYXJkd2FyZS5jb20vbmV3cy9nb29nbGUtcmVwb3J0ZWRseS1raWxscy1jaHJvbWVib29rcy13aXRoLW52aWRpYS1ncHVz0gEA?hl=en-US&gl=US&ceid=US%3Aen', 'https://news.google.com/articles/CBMic2h0dHBzOi8vd3d3LnRlY2hyYWRhci5jb20vY29tcHV0aW5nL2Nocm9tZWJvb2tzL2dvb2dsZS1tYXktaGF2ZS1qdXN0LWNhbmNlbGVkLWl0cy1udmlkaWEtcG93ZXJlZC1nYW1pbmctY2hyb21lYm9va3PSAQA?hl=en-US&gl=US&ceid=US%3Aen', 'https://news.google.com/articles/CBMicmh0dHBzOi8vYXJzdGVjaG5pY2EuY29tL2dhZGdldHMvMjAyMy8wOC9nYW1pbmctY2hyb21lYm9va3Mtd2l0aC1udmlkaWEtZ3B1cy1hcHBhcmVudGx5LWtpbGxlZC13aXRoLWxpdHRsZS1mYW5mYXJlL9IBdmh0dHBzOi8vYXJzdGVjaG5pY2EuY29tL2dhZGdldHMvMjAyMy8wOC9nYW1pbmctY2hyb21lYm9va3Mtd2l0aC1udmlkaWEtZ3B1cy1hcHBhcmVudGx5LWtpbGxlZC13aXRoLWxpdHRsZS1mYW5mYXJlL2FtcC8?hl=en-US&gl=US&ceid=US%3Aen']"
2024 Mercedes-Benz AMG GT Photos: A Next Generation Sports Car,2 days ago,"['https://news.google.com/articles/CBMicGh0dHBzOi8vd3d3LmJsb29tYmVyZy5jb20vbmV3cy9hcnRpY2xlcy8yMDIzLTA4LTE5LzIwMjQtbWVyY2VkZXMtYmVuei1hbWctZ3QtcGhvdG9zLWEtbmV4dC1nZW5lcmF0aW9uLXNwb3J0cy1jYXLSAQA?hl=en-US&gl=US&ceid=US%3Aen', 'https://news.google.com/articles/CCAiC1U0YXBwRjhlUzVnmAEB?hl=en-US&gl=US&ceid=US%3Aen', 'https://news.google.com/articles/CBMiUGh0dHBzOi8vd3d3LmNhcmFuZGRyaXZlci5jb20vbmV3cy9hNDQ3OTQwMDcvMjAyNC1tZXJjZWRlcy1hbWctZ3QtY291cGUtcmV2ZWFsZWQv0gEA?hl=en-US&gl=US&ceid=US%3Aen', 'https://news.google.com/articles/CCAiC0MzN0E5eGdpSVVZmAEB?hl=en-US&gl=US&ceid=US%3Aen']"
"'Wordle' Today #791 Answers, Hints and Clues for Saturday, August 19 Puzzle",21 hours ago,"['https://news.google.com/articles/CBMiX2h0dHBzOi8vd3d3Lm5ld3N3ZWVrLmNvbS93b3JkbGUtdG9kYXktNzkxLWFuc3dlcnMtaGludHMtY2x1ZXMtc2F0dXJkYXktYXVndXN0LTE5LXB1enpsZS0xODIxMDM30gFlaHR0cHM6Ly93d3cubmV3c3dlZWsuY29tL3dvcmRsZS10b2RheS03OTEtYW5zd2Vycy1oaW50cy1jbHVlcy1zYXR1cmRheS1hdWd1c3QtMTktcHV6emxlLTE4MjEwMzc_YW1wPTE?hl=en-US&gl=US&ceid=US%3Aen', 'https://news.google.com/articles/CBMiP2h0dHBzOi8vd3d3LnBjZ2FtZXIuY29tL3dvcmRsZS1hbnN3ZXItdG9kYXktaGludC03OTEtYXVndXN0LTE5L9IBAA?hl=en-US&gl=US&ceid=US%3Aen', 'https://news.google.com/articles/CBMiPGh0dHBzOi8vd3d3LnRoZWdhbWVyLmNvbS93b3JkbGUtYW5zd2VyLWhpbnRzLWF1Z3VzdC0yMC0yMDIzL9IBAA?hl=en-US&gl=US&ceid=US%3Aen', 'https://news.google.com/articles/CBMiRGh0dHBzOi8vbGlmZWhhY2tlci5jb20vd29yZGxlLWFuc3dlci10b2RheS1hdWd1c3QtMTktMjAyMy0xODUwNzUxNDg20gEA?hl=en-US&gl=US&ceid=US%3Aen']"
Baldur's Gate 3: How To Rescue Counsellor Florrick From Wyrm's Rock Prison,2 days ago,"['https://news.google.com/articles/CBMia2h0dHBzOi8vd3d3LnRoZWdhbWVyLmNvbS9iYWxkdXJzLWdhdGUtMy1iZzMtcmVzY3VlLWNvdW5zZWxsb3ItZmxvcnJpY2std3lybXMtcm9jay1wcmlzb24td2Fsa3Rocm91Z2gtZ3VpZGUv0gEA?hl=en-US&gl=US&ceid=US%3Aen', 'https://news.google.com/articles/CBMiO2h0dHBzOi8vc2NyZWVucmFudC5jb20vYmVzdC1yb21hbmNlLW9wdGlvbnMtY29tcGFuaW9ucy1iZzMv0gEA?hl=en-US&gl=US&ceid=US%3Aen', 'https://news.google.com/articles/CCAiC2RJeW51Q2VMT29jmAEB?hl=en-US&gl=US&ceid=US%3Aen', 'https://news.google.com/articles/CBMiQmh0dHBzOi8vZ2FtZXJhbnQuY29tL2JhbGR1cnMtZ2F0ZS0zLWZhaXRoLWxlYXAtdHJpYWwtbWFwLXBhdGgtYmczL9IBAA?hl=en-US&gl=US&ceid=US%3Aen']"
Samsung Slim S Pen Case Hands-on—Not for Everyone,2 days ago,"['https://news.google.com/articles/CBMiUGh0dHBzOi8vZ2l6bW9kby5jb20vc2Ftc3VuZy1zbGltLXMtcGVuLWNhc2UtaGFuZHMtb24tbm90LWZvci1ldmVyeW9uZS0xODUwNzUzMDY20gEA?hl=en-US&gl=US&ceid=US%3Aen', 'https://news.google.com/articles/CBMiOWh0dHBzOi8vd3d3LnNhbW1vYmlsZS5jb20vc2Ftc3VuZy9nYWxheHktei1mb2xkLTUvcmV2aWV3L9IBAA?hl=en-US&gl=US&ceid=US%3Aen', 'https://news.google.com/articles/CBMiWmh0dHBzOi8vd3d3LnRvbXNndWlkZS5jb20vZmVhdHVyZXMvaS13YXMtd3JvbmctYWJvdXQtdGhlLXNhbXN1bmctZ2FsYXh5LXotZmxpcC01LWhlcmVzLXdoedIBAA?hl=en-US&gl=US&ceid=US%3Aen', 'https://news.google.com/articles/CBMiVWh0dHBzOi8vd3d3LmRpZ2l0YWx0cmVuZHMuY29tL21vYmlsZS9zYW1zdW5nLWdhbGF4eS16LWZsaXAtNS1kZWFsLWFtYXpvbi1hdWd1c3QtMjAyMy_SAVlodHRwczovL3d3dy5kaWdpdGFsdHJlbmRzLmNvbS9tb2JpbGUvc2Ftc3VuZy1nYWxheHktei1mbGlwLTUtZGVhbC1hbWF6b24tYXVndXN0LTIwMjMvP2FtcA?hl=en-US&gl=US&ceid=US%3Aen']"
"Activision is teasing the return of the controversial ""No Russian"" mission in Modern Warfare 3",18 hours ago,"['https://news.google.com/articles/CBMiTWh0dHBzOi8vd3d3LnhmaXJlLmNvbS9hY3RpdmlzaW9uLXRlYXNpbmctbm8tcnVzc2lhbi1taXNzaW9uLW1vZGVybi13YXJmYXJlLTMv0gEA?hl=en-US&gl=US&ceid=US%3Aen', 'https://news.google.com/articles/CBMiXWh0dHBzOi8vd3d3LmRpZ2l0YWxzcHkuY29tL3RlY2gvYTQ0ODU2NzE5L2NhbGwtb2YtZHV0eS1tb2Rlcm4td2FyZmFyZS0zLXJlbGVhc2UtZGF0ZS16b21iaWVzL9IBAA?hl=en-US&gl=US&ceid=US%3Aen', 'https://news.google.com/articles/CBMiS2h0dHBzOi8vZ2FtZXJhbnQuY29tL2NhbGwtb2YtZHV0eS1tb2Rlcm4td2FyZmFyZS0zLW13My1iZXN0LXJldmVhbC1kZXRhaWxzL9IBAA?hl=en-US&gl=US&ceid=US%3Aen', 'https://news.google.com/articles/CBMia2h0dHBzOi8vdGhlbmVyZHN0YXNoLmNvbS9tb2Rlcm4td2FyZmFyZS0zLWNhbXBhaWduLXdpbGwtZ2l2ZS1wbGF5ZXJzLW1vcmUtZnJlZWRvbS13aXRoLW5vbi1saW5lYXItbWlzc2lvbnMv0gEA?hl=en-US&gl=US&ceid=US%3Aen']"
AI Expert Max Tegmark Warns That Humanity Is Failing the New Technology's Challenge,2 days ago,"['https://news.google.com/articles/CBMid2h0dHBzOi8vd3d3Lndzai5jb20vdGVjaC9haS9haS1leHBlcnQtbWF4LXRlZ21hcmstd2FybnMtdGhhdC1odW1hbml0eS1pcy1mYWlsaW5nLXRoZS1uZXctdGVjaG5vbG9neXMtY2hhbGxlbmdlLTRkNDIzYmVl0gEA?hl=en-US&gl=US&ceid=US%3Aen', 'https://news.google.com/articles/CBMiVGh0dHBzOi8vaG90aGFyZHdhcmUuY29tL25ld3Mvc2t5cGUtZm91bmRpbmctZW5naW5lZXItd2FybnMtb2YtYWktc2xhdWdodGVyYm90LWZ1dHVyZdIBWGh0dHBzOi8vYW1wLmhvdGhhcmR3YXJlLmNvbS9uZXdzL3NreXBlLWZvdW5kaW5nLWVuZ2luZWVyLXdhcm5zLW9mLWFpLXNsYXVnaHRlcmJvdC1mdXR1cmU?hl=en-US&gl=US&ceid=US%3Aen', 'https://news.google.com/articles/CBMiZWh0dHBzOi8vd3d3LmJ1c2luZXNzaW5zaWRlci5jb20vc2t5cGUtZW5naW5lZXItd2FybnMtYWktd2VhcG9ucy1yYWNlLXBlb3BsZS1zdGF5LWluc2lkZS1kcm9uZXMtMjAyMy040gFpaHR0cHM6Ly93d3cuYnVzaW5lc3NpbnNpZGVyLmNvbS9za3lwZS1lbmdpbmVlci13YXJucy1haS13ZWFwb25zLXJhY2UtcGVvcGxlLXN0YXktaW5zaWRlLWRyb25lcy0yMDIzLTg_YW1w?hl=en-US&gl=US&ceid=US%3Aen', 'https://news.google.com/articles/CBMi3gFodHRwczovL3d3dy5idXNpbmVzc2luc2lkZXIuaW4vdGVjaC9uZXdzL2FuLWFpLXdlYXBvbnMtcmFjZS1tYXktY3JlYXRlLWEtd29ybGQtd2hlcmUtZXZlcnlvbmUtc3RheXMtaW5zaWRlLW91dC1vZi1mZWFyLW9mLWJlaW5nLWNoYXNlZC1kb3duLWJ5LXN3YXJtcy1vZi1zbGF1Z2h0ZXJib3RzLXdhcm5zLWZvdW5kaW5nLXNreXBlLWVuZ2luZWVyL2FydGljbGVzaG93LzEwMjg0MjEzMi5jbXPSAeIBaHR0cHM6Ly93d3cuYnVzaW5lc3NpbnNpZGVyLmluL3RlY2gvbmV3cy9hbi1haS13ZWFwb25zLXJhY2UtbWF5LWNyZWF0ZS1hLXdvcmxkLXdoZXJlLWV2ZXJ5b25lLXN0YXlzLWluc2lkZS1vdXQtb2YtZmVhci1vZi1iZWluZy1jaGFzZWQtZG93bi1ieS1zd2FybXMtb2Ytc2xhdWdodGVyYm90cy13YXJucy1mb3VuZGluZy1za3lwZS1lbmdpbmVlci9hbXBfYXJ0aWNsZXNob3cvMTAyODQyMTMyLmNtcw?hl=en-US&gl=US&ceid=US%3Aen']"
New Apple Exclusive Reveals iPhone 15 Design Shock,15 hours ago,"['https://news.google.com/articles/CBMigAFodHRwczovL3d3dy5mb3JiZXMuY29tL3NpdGVzL2dvcmRvbmtlbGx5LzIwMjMvMDgvMTkvYXBwbGUtaXBob25lLTE1LXByby1tYXgtdXNiLWMtdGh1bmRlcmJvbHQ0LWZhc3QtY2hhcmdpbmctbmV3LWlwaG9uZS1yZWxlYXNlL9IBhAFodHRwczovL3d3dy5mb3JiZXMuY29tL3NpdGVzL2dvcmRvbmtlbGx5LzIwMjMvMDgvMTkvYXBwbGUtaXBob25lLTE1LXByby1tYXgtdXNiLWMtdGh1bmRlcmJvbHQ0LWZhc3QtY2hhcmdpbmctbmV3LWlwaG9uZS1yZWxlYXNlL2FtcC8?hl=en-US&gl=US&ceid=US%3Aen', 'https://news.google.com/articles/CBMiX2h0dHBzOi8vd3d3LmNuYmMuY29tLzIwMjMvMDgvMTgvaXBob25lLTE1LXVzYi1jLWNoYXJnaW5nLXdvdWxkLWJlLWJpZ2dlc3QtdXBncmFkZS1pbi15ZWFycy5odG1s0gFjaHR0cHM6Ly93d3cuY25iYy5jb20vYW1wLzIwMjMvMDgvMTgvaXBob25lLTE1LXVzYi1jLWNoYXJnaW5nLXdvdWxkLWJlLWJpZ2dlc3QtdXBncmFkZS1pbi15ZWFycy5odG1s?hl=en-US&gl=US&ceid=US%3Aen', 'https://news.google.com/articles/CBMiMmh0dHBzOi8vd2NjZnRlY2guY29tL2lwaG9uZS0xNS11c2ItYy1jYWJsZS1sZWFrZWQv0gE2aHR0cHM6Ly93Y2NmdGVjaC5jb20vaXBob25lLTE1LXVzYi1jLWNhYmxlLWxlYWtlZC9hbXAv?hl=en-US&gl=US&ceid=US%3Aen', 'https://news.google.com/articles/CBMiZmh0dHBzOi8vdGhlaGlsbC5jb20vcG9saWN5LzQxNTg3MTItbGVha2VkLXBob3Rvcy1pbmRpY2F0ZS1mYXN0ZXItY2hhcmdpbmctYmFja3VwLXNwZWVkcy1mb3ItaXBob25lLTE1L9IBdWh0dHBzOi8vdGhlaGlsbC5jb20vcG9saWN5L3RlY2hub2xvZ3kvNDE1ODcxMi1sZWFrZWQtcGhvdG9zLWluZGljYXRlLWZhc3Rlci1jaGFyZ2luZy1iYWNrdXAtc3BlZWRzLWZvci1pcGhvbmUtMTUvYW1wLw?hl=en-US&gl=US&ceid=US%3Aen']"
"Lotus Debuts “Lost” Type 66 Track Car For Limited Production, Costs $1.3M",2 days ago,"['https://news.google.com/articles/CBMiO2h0dHBzOi8vd3d3Lm1vdG9yMS5jb20vbmV3cy82ODIzMjIvbG90dXMtdHlwZS02Ni10cmFjay1jYXIv0gE_aHR0cHM6Ly93d3cubW90b3IxLmNvbS9uZXdzLzY4MjMyMi9sb3R1cy10eXBlLTY2LXRyYWNrLWNhci9hbXAv?hl=en-US&gl=US&ceid=US%3Aen', 'https://news.google.com/articles/CBMiS2h0dHBzOi8vY2FyYnV6ei5jb20vbmV3cy9sb3R1cy10eXBlLTY2LXJlYm9ybi1hcy04MzAtaG9yc2Vwb3dlci0xOTcwcy1yYWNlctIBAA?hl=en-US&gl=US&ceid=US%3Aen', 'https://news.google.com/articles/CBMiSWh0dHBzOi8vd3d3LmNhcmFuZGRyaXZlci5jb20vbmV3cy9hNDQ4NDAxMjgvbG90dXMtdHlwZS02Ni1yYWNlci1yZXZlYWxlZC_SAQA?hl=en-US&gl=US&ceid=US%3Aen', 'https://news.google.com/articles/CBMiTWh0dHBzOi8vd3d3LmF1dG9ibG9nLmNvbS8yMDIzLzA4LzE4L2xvdHVzLXR5cGUtNjYtY2FuLWFtLXJhY2UtY2FyLXJlY3JlYXRpb24v0gFRaHR0cHM6Ly93d3cuYXV0b2Jsb2cuY29tL2FtcC8yMDIzLzA4LzE4L2xvdHVzLXR5cGUtNjYtY2FuLWFtLXJhY2UtY2FyLXJlY3JlYXRpb24v?hl=en-US&gl=US&ceid=US%3Aen']"
Czinger 21C Blackbird Edition Is A Tribute To The Record Setting Spy Plane,12 hours ago,"['https://news.google.com/articles/CBMiQWh0dHBzOi8vd3d3Lm1vdG9yMS5jb20vbmV3cy82ODI1ODAvY3ppbmdlci0yMWMtYmxhY2tiaXJkLWVkaXRpb24v0gFFaHR0cHM6Ly93d3cubW90b3IxLmNvbS9uZXdzLzY4MjU4MC9jemluZ2VyLTIxYy1ibGFja2JpcmQtZWRpdGlvbi9hbXAv?hl=en-US&gl=US&ceid=US%3Aen', 'https://news.google.com/articles/CBMiXmh0dHBzOi8vd3d3LmNhcnNjb29wcy5jb20vMjAyMy8wOC9oZXJlcy10aGUtY3ppbmdlci0yMWMtYmxhY2tiaXJkLWluLWFsbC1vZi1pdHMtMTM1MC1ocC1nbG9yeS_SAWJodHRwczovL3d3dy5jYXJzY29vcHMuY29tLzIwMjMvMDgvaGVyZXMtdGhlLWN6aW5nZXItMjFjLWJsYWNrYmlyZC1pbi1hbGwtb2YtaXRzLTEzNTAtaHAtZ2xvcnkvYW1wLw?hl=en-US&gl=US&ceid=US%3Aen', 'https://news.google.com/articles/CBMiTWh0dHBzOi8vd3d3Lm1vdG9ydHJlbmQuY29tL25ld3MvMjAyNC1jemluZ2VyLTIxYy1ibGFja2JpcmQtZmlyc3QtbG9vay1yZXZpZXcv0gFRaHR0cHM6Ly93d3cubW90b3J0cmVuZC5jb20vbmV3cy8yMDI0LWN6aW5nZXItMjFjLWJsYWNrYmlyZC1maXJzdC1sb29rLXJldmlldy9hbXAv?hl=en-US&gl=US&ceid=US%3Aen', 'https://news.google.com/articles/CBMiSmh0dHBzOi8vd3d3LnJvYWRhbmR0cmFjay5jb20vbmV3cy9hNDQ4NTE2MDcvY3ppbmdlci0yMWMtYmxhY2tiaXJkLWVkaXRpb24v0gEA?hl=en-US&gl=US&ceid=US%3Aen']"
The new Beats Studio Buds Plus are already $40 off,2 days ago,"['https://news.google.com/articles/CBMicWh0dHBzOi8vd3d3LnRoZXZlcmdlLmNvbS8yMDIzLzgvMTgvMjM4MzU4NzQvYmVhdHMtc3R1ZGlvLWJ1ZHMtcGx1cy1hbWF6b24tZmlyZS10di1zdGljay00ay1tYXgtc3RyZWFtZXItZGVhbC1zYWxl0gEA?hl=en-US&gl=US&ceid=US%3Aen', 'https://news.google.com/articles/CBMiiwFodHRwczovL3d3dy5idXNpbmVzc3VwdHVybi5jb20vbGlmZXN0eWxlL29ubGluZS1zaG9wcGluZy9ub2lzZS1idWRzLXZzMTA0LW1heC1wcmljZS1kcm9wcy13aXRoLWEtNjQtZGlzY291bnQtY2hlY2stdGhlLW9mZmVyLW5vdy1vbi1hbWF6b24v0gGPAWh0dHBzOi8vd3d3LmJ1c2luZXNzdXB0dXJuLmNvbS9saWZlc3R5bGUvb25saW5lLXNob3BwaW5nL25vaXNlLWJ1ZHMtdnMxMDQtbWF4LXByaWNlLWRyb3BzLXdpdGgtYS02NC1kaXNjb3VudC1jaGVjay10aGUtb2ZmZXItbm93LW9uLWFtYXpvbi9hbXAv?hl=en-US&gl=US&ceid=US%3Aen', 'https://news.google.com/articles/CBMiPmh0dHBzOi8vd3d3LnhkYS1kZXZlbG9wZXJzLmNvbS9qYmwtYXVkaW8tYmFjay10by1zY2hvb2wtZGVhbHMv0gEA?hl=en-US&gl=US&ceid=US%3Aen', 'https://news.google.com/articles/CBMiUWh0dHBzOi8vd3d3LnRoZS1zdW4uY29tL3RlY2gvODg3OTUxOC9hbWF6b24tc2hvcHBlcnMtcnVzaC10b3AtcmF0ZWQtZ2FkZ2V0LWZvdW5kL9IBVWh0dHBzOi8vd3d3LnRoZS1zdW4uY29tL3RlY2gvODg3OTUxOC9hbWF6b24tc2hvcHBlcnMtcnVzaC10b3AtcmF0ZWQtZ2FkZ2V0LWZvdW5kL2FtcC8?hl=en-US&gl=US&ceid=US%3Aen']"
Diablo 4 loot filters and a resistance rework are on the way,17 hours ago,"['https://news.google.com/articles/CBMiLmh0dHBzOi8vd3d3LnBjZ2FtZXNuLmNvbS9kaWFibG8tNC9sb290LWZpbHRlcnPSAQA?hl=en-US&gl=US&ceid=US%3Aen', 'https://news.google.com/articles/CBMiUmh0dHBzOi8vZ2FtZXJhbnQuY29tL2RpYWJsby00LWxvb3QtZmlsdGVyLWVsZW1lbnRhbC1yZXNpc3RhbmNlLXJld29yay1pbi1wcm9ncmVzcy_SAQA?hl=en-US&gl=US&ceid=US%3Aen', 'https://news.google.com/articles/CBMiYGh0dHBzOi8vd3d3LmdhbWVzcmFkYXIuY29tL2RpYWJsby00LWRldi1idXN0cy1vbmUtb2YtdGhlLWNvbW11bml0eXMtbW9yZS1zZW5zaWJsZS1sb290LXRoZW9yaWVzL9IBAA?hl=en-US&gl=US&ceid=US%3Aen', 'https://news.google.com/articles/CBMiNmh0dHBzOi8vZ2FtZXJhbnQuY29tL2RpYWJsby00LWxvb3Qtc3lzdGVtLWRyb3BzLXJhdGVzL9IBAA?hl=en-US&gl=US&ceid=US%3Aen']"
Do US Teens Hate Android Phones?,8 hours ago,"['https://news.google.com/articles/CBMiUmh0dHBzOi8vbW9iaWxlLnNsYXNoZG90Lm9yZy9zdG9yeS8yMy8wOC8xOS8wNTI2MjUxL2RvLXVzLXRlZW5zLWhhdGUtYW5kcm9pZC1waG9uZXPSAQA?hl=en-US&gl=US&ceid=US%3Aen', 'https://news.google.com/articles/CBMiTWh0dHBzOi8vd3d3Lndzai5jb20vdGVjaC9wZXJzb25hbC10ZWNoL3doeS10ZWVucy1oYXRlLWFuZHJvaWQtcGhvbmVzLTMwMDA1YTlj0gEA?hl=en-US&gl=US&ceid=US%3Aen', 'https://news.google.com/articles/CBMiUmh0dHBzOi8vd3d3LnBob25lYXJlbmEuY29tL25ld3MvYW5kcm9pZC1vbGQtcGVvcGxlLXBhcmVudHMtb25seS1zYXktdGVlbnNfaWQxNDk4OTbSAQA?hl=en-US&gl=US&ceid=US%3Aen']"
"Oh dear God, Nier: Automata's next collab is the gacha game explicitly built for staring at jiggling butts",18 hours ago,"['https://news.google.com/articles/CBMigwFodHRwczovL3d3dy5nYW1lc3JhZGFyLmNvbS9vaC1kZWFyLWdvZC1uaWVyLWF1dG9tYXRhcy1uZXh0LWNvbGxhYi1pcy10aGUtZ2FjaGEtZ2FtZS1leHBsaWNpdGx5LWJ1aWx0LWZvci1zdGFyaW5nLWF0LWppZ2dsaW5nLWJ1dHRzL9IBAA?hl=en-US&gl=US&ceid=US%3Aen', 'https://news.google.com/articles/CBMiV2h0dHBzOi8vYmxlZWRpbmdjb29sLmNvbS9nYW1lcy9uaWtrZS1nb2RkZXNzLW9mLXZpY3RvcnktcmV2ZWFscy1uaWVyYXV0b21hdGEtY3Jvc3NvdmVyL9IBAA?hl=en-US&gl=US&ceid=US%3Aen', 'https://news.google.com/articles/CBMiTGh0dHBzOi8vd3d3LnBjZ2FtZXNuLmNvbS9nb2RkZXNzLW9mLXZpY3Rvcnktbmlra2Uvbmllci1hdXRvbWF0YS0yYi1jcm9zc292ZXLSAQA?hl=en-US&gl=US&ceid=US%3Aen', 'https://news.google.com/articles/CBMiTGh0dHBzOi8vbm9pc3lwaXhlbC5uZXQvbmlra2UtZ29kZGVzcy1vZi12aWN0b3J5LW5pZXJhdXRvbWF0YS1jb2xsYWItZGV0YWlscy_SAQA?hl=en-US&gl=US&ceid=US%3Aen']"
Here's your first look at the Pixel 8's revamped Google Camera app,14 hours ago,"['https://news.google.com/articles/CBMiVGh0dHBzOi8vd3d3LmFuZHJvaWRwb2xpY2UuY29tL2hlcmUtZmlyc3QtbG9vay1hdC1waXhlbC04LXJldmFtcGVkLWdvb2dsZS1jYW1lcmEtYXBwL9IBAA?hl=en-US&gl=US&ceid=US%3Aen', 'https://news.google.com/articles/CBMiSWh0dHBzOi8vd3d3LmFuZHJvaWRhdXRob3JpdHkuY29tL2V4Y2x1c2l2ZS1nb29nbGUtY2FtZXJhLXBpeGVsLTgtMzM1NjE0Ny_SAQA?hl=en-US&gl=US&ceid=US%3Aen', 'https://news.google.com/articles/CBMiQWh0dHBzOi8vOXRvNWdvb2dsZS5jb20vMjAyMy8wOC8xOS9nb29nbGUtY2FtZXJhLXJlZGVzaWduLXBpeGVsLTgv0gEA?hl=en-US&gl=US&ceid=US%3Aen', 'https://news.google.com/articles/CBMiUWh0dHBzOi8vd3d3LmRyb2lkLWxpZmUuY29tLzIwMjMvMDgvMTkvdGFrZS1hLWxvb2stYXQtdGhlLXBpeGVsLTgtcHJvcy1jYW1lcmEtYXBwL9IBVWh0dHBzOi8vd3d3LmRyb2lkLWxpZmUuY29tLzIwMjMvMDgvMTkvdGFrZS1hLWxvb2stYXQtdGhlLXBpeGVsLTgtcHJvcy1jYW1lcmEtYXBwL2FtcC8?hl=en-US&gl=US&ceid=US%3Aen']"
WhatsApp Gets 'HD Photos' Option for Sending High-Res Images,2 days ago,"['https://news.google.com/articles/CBMiTWh0dHBzOi8vd3d3Lm1hY3J1bW9ycy5jb20vMjAyMy8wOC8xOC93aGF0c2FwcC1oZC1waG90b3Mtc2VuZC1oaWdoLXJlcy1pbWFnZXMv0gEA?hl=en-US&gl=US&ceid=US%3Aen', 'https://news.google.com/articles/CBMiQWh0dHBzOi8vd3d3Lm1ha2V1c2VvZi5jb20vd2hhdHNhcHAtaG93LXRvLXNlbmQtaGQtcXVhbGl0eS1waG90b3Mv0gEA?hl=en-US&gl=US&ceid=US%3Aen', 'https://news.google.com/articles/CBMiVmh0dHBzOi8vd3d3LnpkbmV0LmNvbS9hcnRpY2xlL3doYXRzYXBwLXVzZXJzLXJlam9pY2UtaGQtcGhvdG8tc2hhcmluZy1pcy1maW5hbGx5LWhlcmUv0gFhaHR0cHM6Ly93d3cuemRuZXQuY29tL2dvb2dsZS1hbXAvYXJ0aWNsZS93aGF0c2FwcC11c2Vycy1yZWpvaWNlLWhkLXBob3RvLXNoYXJpbmctaXMtZmluYWxseS1oZXJlLw?hl=en-US&gl=US&ceid=US%3Aen', 'https://news.google.com/articles/CBMicWh0dHBzOi8vd3d3LmxhcHRvcG1hZy5jb20vbmV3cy95b3UtY2FuLXNlbmQtaGQtcGhvdG9zLW9uLXdoYXRzYXBwLW5vdy1idXQtd2hhdC13YXMtaXQtZG9pbmctd2l0aC15b3VyLXBpY3MtYmVmb3Jl0gEA?hl=en-US&gl=US&ceid=US%3Aen']"
Bungie doubles down on remote work and teases next project after 'Destiny 2',2 days ago,"['https://news.google.com/articles/CBMiaWh0dHBzOi8vd3d3LmdlZWt3aXJlLmNvbS8yMDIzL2J1bmdpZS1kb3VibGVzLWRvd24tb24tcmVtb3RlLXdvcmstYW5kLXRlYXNlcy1uZXh0LXByb2plY3QtYWZ0ZXItZGVzdGlueS0yL9IBAA?hl=en-US&gl=US&ceid=US%3Aen', 'https://news.google.com/articles/CBMidWh0dHBzOi8vZG90ZXNwb3J0cy5jb20vZ2VuZXJhbC9uZXdzL2J1bmdpZS10ZWFzZXMtbmV3LXNjaWVuY2UtZmFudGFzeS1nYW1lLWluc3BpcmVkLWJ5LWZpZ2h0aW5nLWdhbWVzLW1vYmFzLWFuZC1mcm9nc9IBAA?hl=en-US&gl=US&ceid=US%3Aen', 'https://news.google.com/articles/CBMib2h0dHBzOi8vd3d3LmZvcmJlcy5jb20vc2l0ZXMvcGF1bHRhc3NpLzIwMjMvMDgvMTgvbmV3LWRldGFpbHMtb24tYnVuZ2llcy1ub24tZGVzdGlueS0yLW5vbi1tYXJhdGhvbi10aGlyZC1nYW1lL9IBc2h0dHBzOi8vd3d3LmZvcmJlcy5jb20vc2l0ZXMvcGF1bHRhc3NpLzIwMjMvMDgvMTgvbmV3LWRldGFpbHMtb24tYnVuZ2llcy1ub24tZGVzdGlueS0yLW5vbi1tYXJhdGhvbi10aGlyZC1nYW1lL2FtcC8?hl=en-US&gl=US&ceid=US%3Aen', 'https://news.google.com/articles/CBMiOWh0dHBzOi8vZ2FtZXJhbnQuY29tL2J1bmdpZS10ZWFtLWJhc2VkLWFjdGlvbi1nYW1lLXRlYXNlL9IBAA?hl=en-US&gl=US&ceid=US%3Aen']"
"‘Baldur’s Gate 3’ Lands An IGN 10/10, Metascore Has Ticked Down To Tie ‘Tears’",14 hours ago,"['https://news.google.com/articles/CBMiemh0dHBzOi8vd3d3LmZvcmJlcy5jb20vc2l0ZXMvcGF1bHRhc3NpLzIwMjMvMDgvMTkvYmFsZHVycy1nYXRlLTMtbGFuZHMtYW4taWduLTEwMTAtbWV0YXNjb3JlLWhhcy10aWNrZWQtZG93bi10by10aWUtdGVhcnMv0gF-aHR0cHM6Ly93d3cuZm9yYmVzLmNvbS9zaXRlcy9wYXVsdGFzc2kvMjAyMy8wOC8xOS9iYWxkdXJzLWdhdGUtMy1sYW5kcy1hbi1pZ24tMTAxMC1tZXRhc2NvcmUtaGFzLXRpY2tlZC1kb3duLXRvLXRpZS10ZWFycy9hbXAv?hl=en-US&gl=US&ceid=US%3Aen', 'https://news.google.com/articles/CBMiS2h0dHBzOi8vd3d3LnZnMjQ3LmNvbS9iYWxkdXJzLWdhdGUtMy1wcm92ZXMtZGF2aWQtY2FnZS1yaWdodC1hYm91dC1sYS1ub2lyZdIBAA?hl=en-US&gl=US&ceid=US%3Aen', 'https://news.google.com/articles/CBMiRmh0dHBzOi8vd3d3LmRlbm9mZ2Vlay5jb20vZ2FtZXMvYmFsZHVycy1nYXRlLTMtYmVzdC1jb21wYW5pb25zLXJhbmtlZC_SAQA?hl=en-US&gl=US&ceid=US%3Aen', 'https://news.google.com/articles/CBMiT2h0dHBzOi8vd3d3LnBvbHlnb24uY29tL3Jldmlld3MvMjM4MzcwMTkvYmFsZHVycy1nYXRlLTMtcmV2aWV3LWR1bmdlb25zLWRyYWdvbnPSAVxodHRwczovL3d3dy5wb2x5Z29uLmNvbS9wbGF0Zm9ybS9hbXAvcmV2aWV3cy8yMzgzNzAxOS9iYWxkdXJzLWdhdGUtMy1yZXZpZXctZHVuZ2VvbnMtZHJhZ29ucw?hl=en-US&gl=US&ceid=US%3Aen']"
Starfield leaks leave Bethesda executive feeling disappointed,8 hours ago,"['https://news.google.com/articles/CBMiPGh0dHBzOi8vd3d3LnhmaXJlLmNvbS9zdGFyZmllbGQtbGVha3MtYmV0aGVzZGEtZGlzYXBwb2ludGVkL9IBAA?hl=en-US&gl=US&ceid=US%3Aen', 'https://news.google.com/articles/CBMiiwFodHRwczovL3d3dy5zcG9ydHNrZWVkYS5jb20vZXNwb3J0cy9zdGFyZmllbGQtZ2V0dGluZy1jYWxsZWQtbWluaW1hbGlzdGljLXN0YXJ0LXNjcmVlbi1kaXNncnVudGxlZC1wbGF5ZXJzLXVuZmFpcmx5LWxhYmVsaW5nLWhhc3R5LWFuZC1sYXp50gGPAWh0dHBzOi8vd3d3LnNwb3J0c2tlZWRhLmNvbS9hbXAvZXNwb3J0cy9zdGFyZmllbGQtZ2V0dGluZy1jYWxsZWQtbWluaW1hbGlzdGljLXN0YXJ0LXNjcmVlbi1kaXNncnVudGxlZC1wbGF5ZXJzLXVuZmFpcmx5LWxhYmVsaW5nLWhhc3R5LWFuZC1sYXp5?hl=en-US&gl=US&ceid=US%3Aen', 'https://news.google.com/articles/CBMiRGh0dHBzOi8vd3d3LmRlc3RydWN0b2lkLmNvbS93aWxsLXN0YXJmaWVsZC1oYXZlLW11bHRpcGxheWVyLXN1cHBvcnQv0gEA?hl=en-US&gl=US&ceid=US%3Aen', 'https://news.google.com/articles/CBMiQ2h0dHBzOi8vd3d3LnhmaXJlLmNvbS9icmFjZS15b3Vyc2VsZi1zdGFyZmllbGQtc3BvaWxlcnMtZXZlcnl3aGVyZS_SAQA?hl=en-US&gl=US&ceid=US%3Aen']"
Starlink visible across Kansas sky,2 days ago,"['https://news.google.com/articles/CBMiQ2h0dHBzOi8vd3d3Lmt3Y2guY29tLzIwMjMvMDgvMTgvc3RhcmxpbmstdmlzaWJsZS1hY3Jvc3Mta2Fuc2FzLXNreS_SAQA?hl=en-US&gl=US&ceid=US%3Aen', 'https://news.google.com/articles/CBMid2h0dHBzOi8vd3d3Lmt3d2wuY29tL3dlYXRoZXIvYmxvZy93ZWF0aGVyLXdvbmRlcnMtc3Rhcmxpbmstc2F0ZWxsaXRlcy9hcnRpY2xlX2U2YzljNzU2LTNkNTktMTFlZS04ZDQ1LTUzOGVlZGMxMWNhMC5odG1s0gEA?hl=en-US&gl=US&ceid=US%3Aen', 'https://news.google.com/articles/CBMiSGh0dHBzOi8vd3d3LndjdHYudHYvdmlkZW8vMjAyMy8wOC8xOS9zdGFybGluay1zYXRlbGxpdGVzLXRyYWluLXNlZW4tc2t5L9IBAA?hl=en-US&gl=US&ceid=US%3Aen', 'https://news.google.com/articles/CCAiC2xRbEZ0SkRYU1I0mAEB?hl=en-US&gl=US&ceid=US%3Aen']"
The iPhone 15 could help Apple clinch a title it's never held before,2 days ago,"['https://news.google.com/articles/CBMibmh0dHBzOi8vd3d3Lm1hcmtldHdhdGNoLmNvbS9zdG9yeS90aGUtaXBob25lLTE1LWNvdWxkLWhlbHAtYXBwbGUtY2xpbmNoLWEtdGl0bGUtaXRzLW5ldmVyLWhlbGQtYmVmb3JlLTJjNTZlODE50gFyaHR0cHM6Ly93d3cubWFya2V0d2F0Y2guY29tL2FtcC9zdG9yeS90aGUtaXBob25lLTE1LWNvdWxkLWhlbHAtYXBwbGUtY2xpbmNoLWEtdGl0bGUtaXRzLW5ldmVyLWhlbGQtYmVmb3JlLTJjNTZlODE5?hl=en-US&gl=US&ceid=US%3Aen', 'https://news.google.com/articles/CBMiL2h0dHBzOi8vd3d3LmxhcHRvcG1hZy5jb20vZGVhbHMvaXBob25lLTE1LWRlYWxz0gEA?hl=en-US&gl=US&ceid=US%3Aen', 'https://news.google.com/articles/CBMikgFodHRwczovL3d3dy5idXNpbmVzc3RvZGF5LmluL3RlY2hub2xvZ3kvbmV3cy9zdG9yeS9pcGhvbmUtMTUtbGF1bmNoLWZveGNvbm5zLWxvZ2lzdGljcy11bml0LWp1c2RhLW9wZW5zLW5ldy1vZmZpY2UtaW4tdGFtaWwtbmFkdS0zOTQ3NDctMjAyMy0wOC0xOdIBlgFodHRwczovL3d3dy5idXNpbmVzc3RvZGF5LmluL2FtcC90ZWNobm9sb2d5L25ld3Mvc3RvcnkvaXBob25lLTE1LWxhdW5jaC1mb3hjb25ucy1sb2dpc3RpY3MtdW5pdC1qdXNkYS1vcGVucy1uZXctb2ZmaWNlLWluLXRhbWlsLW5hZHUtMzk0NzQ3LTIwMjMtMDgtMTk?hl=en-US&gl=US&ceid=US%3Aen', 'https://news.google.com/articles/CBMiemh0dHBzOi8vd3d3LnBob25lYXJlbmEuY29tL25ld3MvQ2FycmllcnMtZXhwZWN0ZWQtdG8tZmlnaHQtdG9vdGgtYW5kLW5haWwtdG8tc3RlYWwtaGlnaC12YWx1ZS1pUGhvbmUtMTUtY3VzdG9tZXJzX2lkMTQ5ODgw0gEA?hl=en-US&gl=US&ceid=US%3Aen']"
Thousands of Android Malware Apps Using Stealthy APK Compression to Evade Detection,23 hours ago,"['https://news.google.com/articles/CBMiTmh0dHBzOi8vdGhlaGFja2VybmV3cy5jb20vMjAyMy8wOC90aG91c2FuZHMtb2YtYW5kcm9pZC1tYWx3YXJlLWFwcHMtdXNpbmcuaHRtbNIBAA?hl=en-US&gl=US&ceid=US%3Aen', 'https://news.google.com/articles/CBMicWh0dHBzOi8vd3d3LnRvbXNndWlkZS5jb20vbmV3cy90aG91c2FuZHMtb2YtYW5kcm9pZC1tYWx3YXJlLWFwcHMtdXNlLXN0ZWFsdGh5LWFwa3MtdG8tYnlwYXNzLXNlY3VyaXR5LXN0dWR5LWZpbmRz0gEA?hl=en-US&gl=US&ceid=US%3Aen', 'https://news.google.com/articles/CBMiRWh0dHBzOi8vd3d3LnBob25lYXJlbmEuY29tL25ld3MvZG93bmxvYWQtbmV3LWFuZHJvaWQtbWFsd2FyZV9pZDE0OTg3ONIBAA?hl=en-US&gl=US&ceid=US%3Aen', 'https://news.google.com/articles/CBMiamh0dHBzOi8vd3d3LnBob25ld29ybGQuY29tLnBrL3Rob3VzYW5kcy1vZi1hbmRyb2lkLWFwa3MtdXNlLWNvbXByZXNzaW9uLW1ldGhvZHMtdG8tZXZhZGUtbWFsd2FyZS1hbmFseXNpcy_SAQA?hl=en-US&gl=US&ceid=US%3Aen']"
"Pokémon Go ‘Noxious Swamp’ event, Timed Research guide",16 hours ago,"['https://news.google.com/articles/CBMiZWh0dHBzOi8vd3d3LnBvbHlnb24uY29tL3Bva2Vtb24tZ28tZ3VpZGUvMjAyMy84LzE5LzIzODM3MTc4L25veGlvdXMtc3dhbXAtdGltZWQtcmVzZWFyY2gtc2hpbnktc2tyZWxw0gFyaHR0cHM6Ly93d3cucG9seWdvbi5jb20vcGxhdGZvcm0vYW1wL3Bva2Vtb24tZ28tZ3VpZGUvMjAyMy84LzE5LzIzODM3MTc4L25veGlvdXMtc3dhbXAtdGltZWQtcmVzZWFyY2gtc2hpbnktc2tyZWxw?hl=en-US&gl=US&ceid=US%3Aen', 'https://news.google.com/articles/CCAiC3NvWFN3Ql9EeVhBmAEB?hl=en-US&gl=US&ceid=US%3Aen', 'https://news.google.com/articles/CBMijgFodHRwczovL3d3dy5mdXR1cmVnYW1lcmVsZWFzZXMuY29tLzIwMjMvMDgvcG9rZW1vbi1nby13aGF0LXVzaW5nLWEtdGVhbS1vZi1hbGwtdW5pcXVlLXBva2Vtb24tc3BlY2llcy1yZWFsbHktbWVhbnMtaW4tdGhlLW5veGlvdXMtc3dhbXAtZXZlbnQv0gEA?hl=en-US&gl=US&ceid=US%3Aen', 'https://news.google.com/articles/CBMiPGh0dHBzOi8vd3d3LmFtbnkuY29tL2VudGVydGFpbm1lbnQvcG9rZW1vbi1nby1mZXN0LW55Yy0yMDIzL9IBAA?hl=en-US&gl=US&ceid=US%3Aen']"
Samsung Galaxy Tab S9 Ultra Review - Livin' Large!,2 days ago,"['https://news.google.com/articles/CCAiC2xfNjJiTWl2QkFRmAEB?hl=en-US&gl=US&ceid=US%3Aen', 'https://news.google.com/articles/CBMiRGh0dHBzOi8vd3d3LmFuZHJvaWRwb2xpY2UuY29tL2Jlc3Qtc2Ftc3VuZy1nYWxheHktdGFiLXM5LXBsdXMtY2FzZXMv0gEA?hl=en-US&gl=US&ceid=US%3Aen', 'https://news.google.com/articles/CBMiUWh0dHBzOi8vaHlwZWJlYXN0LmNvbS8yMDIzLzgvc2Ftc3VuZy1yZWxlYXNlcy1wb3dlcmZ1bC1nYWxheHktdGFiLXM5LXVsdHJhLXRhYmxldNIBAA?hl=en-US&gl=US&ceid=US%3Aen', 'https://news.google.com/articles/CBMimQFodHRwczovL3d3dy5pbmRpYXRpbWVzLmNvbS90ZWNobm9sb2d5L2dhZGdldHMvMjAyM3MtdGVjaC1iZWF0LWdldHMtbG91ZGVyLWdhbGF4eS10YWItczktc2VyaWVzLXN0ZWFscy10aGUtc3BvdGxpZ2h0LXdpdGgtZW50ZXJ0YWlubWVudC1nYWxvcmUtNjEyNDU5Lmh0bWzSAZ0BaHR0cHM6Ly93d3cuaW5kaWF0aW1lcy5jb20vYW1wL3RlY2hub2xvZ3kvZ2FkZ2V0cy8yMDIzcy10ZWNoLWJlYXQtZ2V0cy1sb3VkZXItZ2FsYXh5LXRhYi1zOS1zZXJpZXMtc3RlYWxzLXRoZS1zcG90bGlnaHQtd2l0aC1lbnRlcnRhaW5tZW50LWdhbG9yZS02MTI0NTkuaHRtbA?hl=en-US&gl=US&ceid=US%3Aen']"
Baldur's Gate 3 Monk Build Does Absurd Damage,2 days ago,"['https://news.google.com/articles/CBMiQ2h0dHBzOi8va290YWt1LmNvbS9iYWxkdXJzLWdhdGUtMy1iZzMtbW9uay1idWlsZC1iZXN0LW9wLTE4NTA3NTIwNjjSAQA?hl=en-US&gl=US&ceid=US%3Aen', 'https://news.google.com/articles/CBMicGh0dHBzOi8vd3d3LmRleGVydG8uY29tL2JhbGR1cnMtZ2F0ZS9iYWxkdXJzLWdhdGUtMy1wbGF5ZXItYnJlYWtzLXRoZS1nYW1lLXdpdGgtdW5iZWxpZXZhYmxlLW1vbmstYnVpbGQtMjI1NzI4Mi_SAQA?hl=en-US&gl=US&ceid=US%3Aen', 'https://news.google.com/articles/CBMiYWh0dHBzOi8vdGhlbmVyZHN0YXNoLmNvbS9iYWxkdXJzLWdhdGUtMy1tdWx0aXBsYXllci1idWctc3RpY2tzLXlvdXItZnJpZW5kcy1pbi15b3VyLWdhbWUtZm9yZXZlci_SAQA?hl=en-US&gl=US&ceid=US%3Aen', 'https://news.google.com/articles/CBMiSmh0dHBzOi8vd3d3LnRoZWdhbWVyLmNvbS9iYWxkdXJzLWdhdGUtMy1wbGF5ZXJzLWJsb3dpbmctdGhpbmdzLXVwLWJhcnJlbHMv0gEA?hl=en-US&gl=US&ceid=US%3Aen']"
Madden 24 players on the PS5 and PC are experiencing major audio bugs right now,16 hours ago,"['https://news.google.com/articles/CBMifGh0dHBzOi8vd3d3LnRoZXZlcmdlLmNvbS8yMDIzLzgvMTkvMjM4MzgxODYvbWFkZGVuLTI0LXBzNS1wYy1hdWRpby1pc3N1ZXMtcG9wcGluZy1jbGlja2luZy1zdGVyZW8tY2hhbm5lbC1kcm9wcGluZy1lYS1zcG9ydHPSAQA?hl=en-US&gl=US&ceid=US%3Aen', 'https://news.google.com/articles/CBMiZmh0dHBzOi8vYmxlYWNoZXJyZXBvcnQuY29tL2FydGljbGVzLzEwMDg2NTA1LW1hZGRlbi0yNC1yZXZpZXctZ2FtZXBsYXktdmlkZW9zLWZlYXR1cmVzLWFuZC1pbXByZXNzaW9uc9IBdmh0dHBzOi8vc3luZGljYXRpb24uYmxlYWNoZXJyZXBvcnQuY29tL2FtcC8xMDA4NjUwNS1tYWRkZW4tMjQtcmV2aWV3LWdhbWVwbGF5LXZpZGVvcy1mZWF0dXJlcy1hbmQtaW1wcmVzc2lvbnMuYW1wLmh0bWw?hl=en-US&gl=US&ceid=US%3Aen', 'https://news.google.com/articles/CBMiYmh0dHBzOi8vd3d3LmRleGVydG8uY29tL21hZGRlbi9tYWRkZW4tMjQtc2hvdWxkLXlvdS11c2UtaW1hZ2UtcXVhbGl0eS1vci1wZXJmb3JtYW5jZS1tb2RlLTIyNTY2OTgv0gEA?hl=en-US&gl=US&ceid=US%3Aen', 'https://news.google.com/articles/CBMiQ2h0dHBzOi8vYXBwdHJpZ2dlci5jb20vMjAyMy8wOC8xOS9tYWRkZW4tMjQtcmVidWlsZC1mcmFuY2hpc2UtbW9kZS_SAQA?hl=en-US&gl=US&ceid=US%3Aen']"
Destiny 2 Vendor Engrams PSA Ahead of Season 22 Launch,9 hours ago,"['https://news.google.com/articles/CBMiT2h0dHBzOi8vdGhlZ2FtZXBvc3QuY29tL2Rlc3RpbnktMi12ZW5kb3ItZW5ncmFtcy1wc2EtYWhlYWQtb2Ytc2Vhc29uLTIyLWxhdW5jaC_SAQA?hl=en-US&gl=US&ceid=US%3Aen', 'https://news.google.com/articles/CBMia2h0dHBzOi8vZ2FtZXJhbnQuY29tL2Rlc3RpbnktMi1hcnRpZmFjdC1tb2RzLXNlYXNvbi0yMi1uby1zdGFzaXMtc3RyYW5kLWJ1aWxkY3JhZnRpbmctbmV3LXN1YmNsYXNzLWJhZC13aHkv0gEA?hl=en-US&gl=US&ceid=US%3Aen', 'https://news.google.com/articles/CBMiT2h0dHBzOi8vd3d3LmRleGVydG8uY29tL2Rlc3RpbnkvZGVzdGlueS0yLW11c3QtaGF2ZS1ndW5zLWZvci1zZWFzb24tMjItMjI1Njk4NS_SAQA?hl=en-US&gl=US&ceid=US%3Aen', 'https://news.google.com/articles/CBMiU2h0dHBzOi8vd3d3LmRlc3RydWN0b2lkLmNvbS9idW5naWUtb3V0bGluZXMtZGVzdGlueS0ycy1zZWFzb24tMjItZmVhdHVyZXMtYW5kLW1vcmUv0gEA?hl=en-US&gl=US&ceid=US%3Aen']"
Delta Force is Coming For Battlefield's Broken Crown,22 hours ago,"['https://news.google.com/articles/CBMiNmh0dHBzOi8vaW5zaWRlci1nYW1pbmcuY29tL2RlbHRhLWZvcmNlLXRyYWlsZXItcmV2ZWFsL9IBAA?hl=en-US&gl=US&ceid=US%3Aen', 'https://news.google.com/articles/CBMiUmh0dHBzOi8vd3d3LmdncmVjb24uY29tL2FydGljbGVzL3RlbmNlbnQtaGFzLXRlYXNlZC10aGUtcmV0dXJuLW9mLWZwcy1kZWx0YS1mb3JjZS_SAQA?hl=en-US&gl=US&ceid=US%3Aen', 'https://news.google.com/articles/CBMiM2h0dHBzOi8vd3d3LmRzb2dhbWluZy5jb20vdGFnL2RlbHRhLWZvcmNlLWhhd2stb3BzL9IBAA?hl=en-US&gl=US&ceid=US%3Aen', 'https://news.google.com/articles/CBMiN2h0dHBzOi8vZ2FtZXJhbnQuY29tL2RlbHRhLWZvcmNlLWhhd2stb3BzLWFubm91bmNlbWVudC_SAQA?hl=en-US&gl=US&ceid=US%3Aen']"
Animal Crossing: New Horizons fan who visited all 43 in-game artworks in real life has been “overwhelmed” by the response,2 days ago,"['https://news.google.com/articles/CBMilwFodHRwczovL3d3dy50ZWNocmFkYXIuY29tL2dhbWluZy9hbmltYWwtY3Jvc3NpbmctbmV3LWhvcml6b25zLWZhbi13aG8tdmlzaXRlZC1hbGwtNDMtaW4tZ2FtZS1hcnR3b3Jrcy1pbi1yZWFsLWxpZmUtaGFzLWJlZW4tb3ZlcndoZWxtZWQtYnktdGhlLXJlc3BvbnNl0gEA?hl=en-US&gl=US&ceid=US%3Aen', 'https://news.google.com/articles/CBMiWGh0dHBzOi8vZ2FtZXJhbnQuY29tL2FuaW1hbC1jcm9zc2luZy1uZXctaG9yaXpvbnMtYmFyYmllLWRyZWFtLWhvdXNlLWtlbi1tb2pvLWRvam8tY2FzYS_SAQA?hl=en-US&gl=US&ceid=US%3Aen', 'https://news.google.com/articles/CBMilAFodHRwczovL3d3dy5nYW1lc3JhZGFyLmNvbS9hZnRlci0xNi1tb250aHMtYW5kLTMtY29udGluZW50cy10aGlzLWFuaW1hbC1jcm9zc2luZy1uZXctaG9yaXpvbnMtZmFuLWhhcy1maW5hbGx5LXNlZW4tYWxsLW9mLWl0cy1hcnR3b3Jrcy1pbi1yZWFsLWxpZmUv0gEA?hl=en-US&gl=US&ceid=US%3Aen', 'https://news.google.com/articles/CBMiWGh0dHBzOi8vZ2FtZXJhbnQuY29tL2FuaW1hbC1jcm9zc2luZy1uZXctaG9yaXpvbnMtY2VsZXN0ZS1kZXRhaWwtem9kaWFjLWZ1cm5pdHVyZS1mYWN0cy_SAQA?hl=en-US&gl=US&ceid=US%3Aen']"
This LG OLED 4K Smart TV is $600 off today from Best Buy,2 days ago,"['https://news.google.com/articles/CBMiV2h0dHBzOi8vbnlwb3N0LmNvbS8yMDIzLzA4LzE4L2xnLTQ4LWNsYXNzLXNlcmllcy1vbGVkLTRrLXVoZC1zbWFydC13ZWJvcy10di1pcy02MDAtb2ZmL9IBW2h0dHBzOi8vbnlwb3N0LmNvbS8yMDIzLzA4LzE4L2xnLTQ4LWNsYXNzLXNlcmllcy1vbGVkLTRrLXVoZC1zbWFydC13ZWJvcy10di1pcy02MDAtb2ZmL2FtcC8?hl=en-US&gl=US&ceid=US%3Aen', 'https://news.google.com/articles/CBMiV2h0dHBzOi8vd3d3LnRvbXNndWlkZS5jb20vZGVhbHMvZXBpYy1zdW1tZXItdHYtc2FsZS1hdC1iZXN0LWJ1eS1vbGVkLXR2cy1mcm9tLWRvbGxhcjY5OdIBAA?hl=en-US&gl=US&ceid=US%3Aen', 'https://news.google.com/articles/CBMiTmh0dHBzOi8vYmdyLmNvbS9kZWFscy9sZ3Mtc3R1bm5pbmctMTMwMC1hMi1vbGVkLXR2LWlzLW9ubHktNjk5LTk5LWF0LWJlc3QtYnV5L9IBAA?hl=en-US&gl=US&ceid=US%3Aen']"
Samsung Galaxy S25 Ultra to do without latest 200MP ISOCELL sensor in 2025,14 hours ago,"['https://news.google.com/articles/CBMidmh0dHBzOi8vd3d3Lm5vdGVib29rY2hlY2submV0L1NhbXN1bmctR2FsYXh5LVMyNS1VbHRyYS10by1kby13aXRob3V0LWxhdGVzdC0yMDBNUC1JU09DRUxMLXNlbnNvci1pbi0yMDI1Ljc0MjQxMC4wLmh0bWzSAQA?hl=en-US&gl=US&ceid=US%3Aen', 'https://news.google.com/articles/CBMiWWh0dHBzOi8vd3d3LmdzbWFyZW5hLmNvbS9zYW1zdW5nX2dhbGF4eV9zMjRfYW5kX3MyNF90b19hZG9wdF9hX2ZsYXRfZGVzaWduLW5ld3MtNTk2MDUucGhw0gFWaHR0cHM6Ly9tLmdzbWFyZW5hLmNvbS9zYW1zdW5nX2dhbGF4eV9zMjRfYW5kX3MyNF90b19hZG9wdF9hX2ZsYXRfZGVzaWduLWFtcC01OTYwNS5waHA?hl=en-US&gl=US&ceid=US%3Aen', 'https://news.google.com/articles/CBMiXGh0dHBzOi8vd3d3LmdpemNoaW5hLmNvbS8yMDIzLzA4LzE5L3NhbXN1bmctaXMtZGV2ZWxvcGluZy1hbi1pbXByZXNzaXZlLTQ0MC1tcC1waG90by1zZW5zb3Iv0gFgaHR0cHM6Ly93d3cuZ2l6Y2hpbmEuY29tLzIwMjMvMDgvMTkvc2Ftc3VuZy1pcy1kZXZlbG9waW5nLWFuLWltcHJlc3NpdmUtNDQwLW1wLXBob3RvLXNlbnNvci9hbXAv?hl=en-US&gl=US&ceid=US%3Aen', 'https://news.google.com/articles/CBMifWh0dHBzOi8vd3d3LmZvcmJlcy5jb20vc2l0ZXMvZXdhbnNwZW5jZS8yMDIzLzA4LzE4L2FuZHJvaWQtaGVhZGxpbmVzLXNhbXN1bmctZ2FsYXh5LXMyNC11bHRyYS1waXhlbC04LXByby1vcHBvLW9uZXBsdXMtaG9ub3Iv0gGBAWh0dHBzOi8vd3d3LmZvcmJlcy5jb20vc2l0ZXMvZXdhbnNwZW5jZS8yMDIzLzA4LzE4L2FuZHJvaWQtaGVhZGxpbmVzLXNhbXN1bmctZ2FsYXh5LXMyNC11bHRyYS1waXhlbC04LXByby1vcHBvLW9uZXBsdXMtaG9ub3IvYW1wLw?hl=en-US&gl=US&ceid=US%3Aen']"
"Pixel Watch 2 Google Play Console listing reveals Snapdragon W5, 2GB RAM, and more",2 days ago,"['https://news.google.com/articles/CBMiT2h0dHBzOi8vd3d3LnhkYS1kZXZlbG9wZXJzLmNvbS9waXhlbC13YXRjaC0yLWdvb2dsZS1wbGF5LWNvbnNvbGUtbGlzdGluZy1zcGVjcy_SAQA?hl=en-US&gl=US&ceid=US%3Aen', 'https://news.google.com/articles/CBMiQGh0dHBzOi8vOXRvNWdvb2dsZS5jb20vMjAyMy8wOC8xOS90aGlzLWlzLW5vdC10aGUtcGl4ZWwtd2F0Y2gtMi_SAQA?hl=en-US&gl=US&ceid=US%3Aen', 'https://news.google.com/articles/CBMiYGh0dHBzOi8vd3d3LnRvbXNndWlkZS5jb20vbmV3cy9waXhlbC13YXRjaC0yLXNwZWNzLWxlYWstc2hvd3MtYmlnLWltcHJvdmVtZW50cy1vdmVyLXRoZS1vcmlnaW5hbNIBAA?hl=en-US&gl=US&ceid=US%3Aen', 'https://news.google.com/articles/CBMiXWh0dHBzOi8vd3d3LmZvcmJlcy5jb20vc2l0ZXMvZXdhbnNwZW5jZS8yMDIzLzA4LzE5L2dvb2dsZS1waXhlbC13YXRjaC0yLXdlYXItb3MtNC1sZWFrLXNwZWNzL9IBYWh0dHBzOi8vd3d3LmZvcmJlcy5jb20vc2l0ZXMvZXdhbnNwZW5jZS8yMDIzLzA4LzE5L2dvb2dsZS1waXhlbC13YXRjaC0yLXdlYXItb3MtNC1sZWFrLXNwZWNzL2FtcC8?hl=en-US&gl=US&ceid=US%3Aen']"
The Texas Chain Saw Massacre Game: 7 Essential Leatherface Tips and Tricks,2 days ago,"['https://news.google.com/articles/CCAiC2JWN3lxQTFMRS1ZmAEB?hl=en-US&gl=US&ceid=US%3Aen', 'https://news.google.com/articles/CBMiXGh0dHBzOi8vZ2FtZXJhbnQuY29tL3RleGFzLWNoYWluLXNhdy1tYXNzYWNyZS1iZXN0LWJ1aWxkLWp1bGllLWxvYWRvdXQtc2tpbGxzLWFiaWxpdHktcGVya3Mv0gEA?hl=en-US&gl=US&ceid=US%3Aen', 'https://news.google.com/articles/CBMiV2h0dHBzOi8vd3d3LnRoZWdhbWVyLmNvbS90aGUtdGV4YXMtY2hhaW4tc2F3LW1hc3NhY3JlLWFnZS1iZXR0ZXItdGhhbi1kZWFkLWJ5LWRheWxpZ2h0L9IBAA?hl=en-US&gl=US&ceid=US%3Aen', 'https://news.google.com/articles/CBMibGh0dHBzOi8vbXAxc3QuY29tL25ld3MvdGV4YXMtY2hhaW4tc2F3LW1hc3NhY3JlLXBsYXllci1jb3VudC1yZWFjaGVzLW92ZXItMS1taWxsaW9uLWluLTI0LWhvdXJzLXNpbmNlLWxhdW5jaNIBAA?hl=en-US&gl=US&ceid=US%3Aen']"
Modder converts $95 AMD APU into a 16GB Linux AI workhorse,14 hours ago,"['https://news.google.com/articles/CBMiUWh0dHBzOi8vd3d3LnRlY2hzcG90LmNvbS9uZXdzLzk5ODQ3LW1vZGRlci1jb252ZXJ0cy05NS1hbWQtYXB1LTE2Z2ItbGludXgtYWkuaHRtbNIBAA?hl=en-US&gl=US&ceid=US%3Aen', 'https://news.google.com/articles/CBMiQGh0dHBzOi8vd3d3LmhhY2tzdGVyLmlvL25ld3MvdW5sZWFzaC15b3VyLWlubmVyLWdwdS00OTMyNjI4MGYzZmbSAURodHRwczovL3d3dy5oYWNrc3Rlci5pby9uZXdzL3VubGVhc2gteW91ci1pbm5lci1ncHUtNDkzMjYyODBmM2ZmLmFtcA?hl=en-US&gl=US&ceid=US%3Aen', 'https://news.google.com/articles/CBMiVmh0dHBzOi8vd3d3LnRvbXNoYXJkd2FyZS5jb20vbmV3cy9kb2xsYXI5NS1hbWQtY3B1LWJlY29tZXMtMTZnYi1ncHUtdG8tcnVuLWFpLXNvZnR3YXJl0gEA?hl=en-US&gl=US&ceid=US%3Aen']"
How To Get The Vivianne Of The Lake Achievement in Genshin Impact,20 hours ago,"['https://news.google.com/articles/CBMiW2h0dHBzOi8vdGhlbmVyZHN0YXNoLmNvbS9ob3ctdG8tZ2V0LXRoZS12aXZpYW5uZS1vZi10aGUtbGFrZS1hY2hpZXZlbWVudC1pbi1nZW5zaGluLWltcGFjdC_SAQA?hl=en-US&gl=US&ceid=US%3Aen', 'https://news.google.com/articles/CBMiXmh0dHBzOi8vZ2FtZXJhbnQuY29tL2dlbnNoaW4taW1wYWN0LXVwZGF0ZS00LTAtZmVhdHVyZXMtY2hhcmFjdGVycy1yZWdpb24tbWVjaGFuaWNzLWV4cGxhaW5lZC_SAQA?hl=en-US&gl=US&ceid=US%3Aen', 'https://news.google.com/articles/CBMicWh0dHBzOi8vd3d3LmRleGVydG8uY29tL2dlbnNoaW4taW1wYWN0L2dlbnNoaW4taW1wYWN0LXBsYXllcnMtcHJhaXNlLWZvbnRhaW5lcy1pbm5vdmF0aXZlLWdhbWVwbGF5LXR3aXN0LTIyNTY4Nzkv0gEA?hl=en-US&gl=US&ceid=US%3Aen', 'https://news.google.com/articles/CBMiOmh0dHBzOi8vd3d3LnRoZWdhbWVyLmNvbS9nZW5zaGluLWltcGFjdC1seW5leS1iZXN0LWJ1aWxkcy_SAQA?hl=en-US&gl=US&ceid=US%3Aen']"
Tesla’s app now supports automation with Apple Shortcuts,11 hours ago,"['https://news.google.com/articles/CBMiW2h0dHBzOi8vd3d3LnRoZXZlcmdlLmNvbS8yMDIzLzgvMTkvMjM4MzgzNDYvdGVzbGEtYXBwLWFwcGxlLWlvcy1zaG9ydGN1dHMtYXV0b21hdGlvbi11cGRhdGXSAQA?hl=en-US&gl=US&ceid=US%3Aen', 'https://news.google.com/articles/CBMiSWh0dHBzOi8vd3d3Lm5vdGF0ZXNsYWFwcC5jb20vdGVzbGEtYXBwLXVwZGF0ZXMvdmVyc2lvbi80LjI0L3JlbGVhc2Utbm90ZXPSAQA?hl=en-US&gl=US&ceid=US%3Aen', 'https://news.google.com/articles/CBMiamh0dHBzOi8vZWxlY3RyZWsuY28vMjAyMy8wOC8xOS90ZXNsYS1yb2xscy1vdXQtYXBwbGUtc2hvcnRjdXRzLWhlbHBpbmctYXV0b21hdGUtdXNlLXNpcmktdmVoaWNsZS1jb250cm9scy_SAQA?hl=en-US&gl=US&ceid=US%3Aen', 'https://news.google.com/articles/CBMiS2h0dHBzOi8vd3d3LnRlc2xhcmF0aS5jb20vdGVzbGEtYXBwbGUtc2hvcnRjdXRzLWlvcy1hdXRvbWF0aW9uLW5ldy1mZWF0dXJlL9IBT2h0dHBzOi8vd3d3LnRlc2xhcmF0aS5jb20vdGVzbGEtYXBwbGUtc2hvcnRjdXRzLWlvcy1hdXRvbWF0aW9uLW5ldy1mZWF0dXJlL2FtcC8?hl=en-US&gl=US&ceid=US%3Aen']"
"Mario Kart 8 Deluxe — Booster Course Pass ""Summer Fun"" trailer",2 days ago,"['https://news.google.com/articles/CBMiZGh0dHBzOi8vd3d3LmdvbmludGVuZG8uY29tL2NvbnRlbnRzLzI0NjExLW1hcmlvLWthcnQtOC1kZWx1eGUtYm9vc3Rlci1jb3Vyc2UtcGFzcy1zdW1tZXItZnVuLXRyYWlsZXLSAQA?hl=en-US&gl=US&ceid=US%3Aen', 'https://news.google.com/articles/CCAiC2JHU0xFamgzeXgwmAEB?hl=en-US&gl=US&ceid=US%3Aen', 'https://news.google.com/articles/CBMiY2h0dHBzOi8vZW4uc29mdG9uaWMuY29tL2FydGljbGVzL21hcmlvLWthcnQtYXJyaXZlcy1pbi1tYWRyaWQtYWx0aG91Z2gtbm90LWluLXRoZS13YXkteW91LWV4cGVjdC1pdNIBAA?hl=en-US&gl=US&ceid=US%3Aen', 'https://news.google.com/articles/CBMif2h0dHBzOi8vd3d3Lm5pbnRlbmRvbGlmZS5jb20vbmV3cy8yMDIzLzA4L21hcmlvLWthcnQtdG91ci1zcGVlZHMtdG93YXJkcy1hLWJyYW5kLW5ldy1jaXR5LWNvdXJzZS1pbi11cGNvbWluZy1zdW1tZXItdG91ci11cGRhdGXSAQA?hl=en-US&gl=US&ceid=US%3Aen']"
Dave The Diver Director Says Future Updates Will Add New Side Missions And Fish,19 hours ago,"['https://news.google.com/articles/CBMiSmh0dHBzOi8vd3d3LmR1YWxzaG9ja2Vycy5jb20vZGF2ZS10aGUtZGl2ZXItdXBkYXRlLW5ldy1zaWRlLW1pc3Npb25zLWZpc2gv0gEA?hl=en-US&gl=US&ceid=US%3Aen', 'https://news.google.com/articles/CBMiiwFodHRwczovL3d3dy5wY2dhbWVyLmNvbS9kYXZlLXRoZS1kaXZlci1nZXRzLWEtbWFqb3ItcXVhbGl0eS1vZi1saWZlLXVwZGF0ZS1hbmQtdGhlLXBsYXllcnMtbG92ZS1pdC10ZWFycy1pbi1teS1leWVzLW9uZS1kZWRpY2F0ZWQtZmFuLXNheXMv0gEA?hl=en-US&gl=US&ceid=US%3Aen', 'https://news.google.com/articles/CBMiR2h0dHBzOi8vdGhlbmVyZHN0YXNoLmNvbS9kYXZlLXRoZS1kaXZlci11cGRhdGUtOC0xOC1ob3RmaXgtcGF0Y2gtbm90ZXMv0gEA?hl=en-US&gl=US&ceid=US%3Aen', 'https://news.google.com/articles/CBMiQmh0dHBzOi8vd3d3LmR1YWxzaG9ja2Vycy5jb20vZGF2ZS10aGUtZGl2ZXItaW5zcGlyYXRpb24tb25lLXBpZWNlL9IBAA?hl=en-US&gl=US&ceid=US%3Aen']"
Apple Will Finally Pay for Throttling iPhones With 'Batterygate' Settlement,17 hours ago,"['https://news.google.com/articles/CBMiUWh0dHBzOi8vd3d3LndpcmVkLmNvbS9zdG9yeS9hcHBsZS1iYXR0ZXJ5Z2F0ZS1zZXR0bGVtZW50LXBheW1lbnRzLWZpbmFsbHktY29taW5nL9IBAA?hl=en-US&gl=US&ceid=US%3Aen', 'https://news.google.com/articles/CBMihAFodHRwczovL3d3dy5vdXRraWNrLmNvbS92aW5kaWNhdGVkLWFwcGxlLWFkbWl0cy1pcGhvbmUtc29mdHdhcmUtdXBkYXRlcy1wdXJwb3NlbHktc2xvd2VkLWRvd24tcGhvbmUtd2lsbC1wYXktbWlsbGlvbnMtaW4tc2V0dGxlbWVudC_SAQA?hl=en-US&gl=US&ceid=US%3Aen', 'https://news.google.com/articles/CBMiW2h0dHBzOi8vd3d3LmNuZXQuY29tL3RlY2gvbW9iaWxlL2FwcGxlLXRvLXN0YXJ0LXBheWluZy1vdXQtNTAwbS1pbi1pcGhvbmUtc2xvd2Rvd24tbGF3c3VpdC_SAQA?hl=en-US&gl=US&ceid=US%3Aen', 'https://news.google.com/articles/CBMiU2h0dHBzOi8vd3d3LmNvbXBsZXguY29tL2xpZmUvYS90cmFjZXdpbGxpYW1jb3dlbi9hcHBsZS01MDAtbWlsbGlvbi1sYXdzdWl0LXBheW1lbnRz0gEA?hl=en-US&gl=US&ceid=US%3Aen']"
"Starfield isn't Star Wars or 2001 A Space Odyssey, and that's ok",18 hours ago,"['https://news.google.com/articles/CBMiLmh0dHBzOi8vd3d3LnBjZ2FtZXNuLmNvbS9zdGFyZmllbGQvaGFyZC1zY2ktZmnSAQA?hl=en-US&gl=US&ceid=US%3Aen', 'https://news.google.com/articles/CBMiWWh0dHBzOi8vY29taWNib29rLmNvbS9nYW1pbmcvbmV3cy9zdGFyZmllbGQteGJveC1wbGF5c3RhdGlvbi1jb25zb2xlLXdhcnMtcmV2aWV3LWJvbWJpbmcv0gFdaHR0cHM6Ly9jb21pY2Jvb2suY29tL2dhbWluZy9hbXAvbmV3cy9zdGFyZmllbGQteGJveC1wbGF5c3RhdGlvbi1jb25zb2xlLXdhcnMtcmV2aWV3LWJvbWJpbmcv?hl=en-US&gl=US&ceid=US%3Aen', 'https://news.google.com/articles/CBMidmh0dHBzOi8vbmV3cy5za3kuY29tL3N0b3J5L3N0YXJmaWVsZC13aHktc2NpLWZpLWVwaWMtbWVhbnMtc28tbXVjaC10by1nYW1lcnMtYW5kLWNvdWxkLWJlLWtleS10by14Ym94cy1mdXR1cmUtMTI5MzU4NzTSAXpodHRwczovL25ld3Muc2t5LmNvbS9zdG9yeS9hbXAvc3RhcmZpZWxkLXdoeS1zY2ktZmktZXBpYy1tZWFucy1zby1tdWNoLXRvLWdhbWVycy1hbmQtY291bGQtYmUta2V5LXRvLXhib3hzLWZ1dHVyZS0xMjkzNTg3NA?hl=en-US&gl=US&ceid=US%3Aen', 'https://news.google.com/articles/CBMiKmh0dHBzOi8vdGVjaDRnYW1lcnMuY29tL3N0YXJmaWVsZC1uby1idWdzL9IBAA?hl=en-US&gl=US&ceid=US%3Aen']"
Honkai: Star Rail version 1.3 update 'Celestial Eyes Above Mortal Ruins' launches August 30,2 days ago,"['https://news.google.com/articles/CBMieGh0dHBzOi8vd3d3LmdlbWF0c3UuY29tLzIwMjMvMDgvaG9ua2FpLXN0YXItcmFpbC12ZXJzaW9uLTEtMy11cGRhdGUtY2VsZXN0aWFsLWV5ZXMtYWJvdmUtbW9ydGFsLXJ1aW5zLWxhdW5jaGVzLWF1Z3VzdC0zMNIBAA?hl=en-US&gl=US&ceid=US%3Aen', 'https://news.google.com/articles/CBMiPmh0dHBzOi8vZ2FtZXJhbnQuY29tL2hvbmthaS1zdGFyLXJhaWwtY3Jvc3Mtc2F2ZXMtcHM1LXZlcnNpb24v0gEA?hl=en-US&gl=US&ceid=US%3Aen', 'https://news.google.com/articles/CBMiTWh0dHBzOi8vc2NyZWVucmFudC5jb20vaG9ua2FpLXN0YXItcmFpbC0xMy1yZWxlYXNlLWNoYXJhY3RlcnMtYmFubmVycy1ldmVudHMv0gEA?hl=en-US&gl=US&ceid=US%3Aen', 'https://news.google.com/articles/CBMieGh0dHBzOi8vd3d3LnNwb3J0c2tlZWRhLmNvbS9lc3BvcnRzL25ld3MtaG9ua2FpLXN0YXItcmFpbC0xLTMtY2hhcmFjdGVycy1pbWJpYml0b3ItbHVuYWUtZnUteHVhbi1seW54LTQtc3RhcnMtd2FycC1vcmRlctIBfGh0dHBzOi8vd3d3LnNwb3J0c2tlZWRhLmNvbS9hbXAvZXNwb3J0cy9uZXdzLWhvbmthaS1zdGFyLXJhaWwtMS0zLWNoYXJhY3RlcnMtaW1iaWJpdG9yLWx1bmFlLWZ1LXh1YW4tbHlueC00LXN0YXJzLXdhcnAtb3JkZXI?hl=en-US&gl=US&ceid=US%3Aen']"
"Bethesda Is Sending Out A Lot Of ‘Starfield’ Review Copies, And Sending Them Early",17 hours ago,"['https://news.google.com/articles/CBMiggFodHRwczovL3d3dy5mb3JiZXMuY29tL3NpdGVzL3BhdWx0YXNzaS8yMDIzLzA4LzE5L2JldGhlc2RhLWlzLXNlbmRpbmctb3V0LWEtbG90LW9mLXN0YXJmaWVsZC1yZXZpZXctY29waWVzLWFuZC1zZW5kaW5nLXRoZW0tZWFybHkv0gGGAWh0dHBzOi8vd3d3LmZvcmJlcy5jb20vc2l0ZXMvcGF1bHRhc3NpLzIwMjMvMDgvMTkvYmV0aGVzZGEtaXMtc2VuZGluZy1vdXQtYS1sb3Qtb2Ytc3RhcmZpZWxkLXJldmlldy1jb3BpZXMtYW5kLXNlbmRpbmctdGhlbS1lYXJseS9hbXAv?hl=en-US&gl=US&ceid=US%3Aen', 'https://news.google.com/articles/CBMiRmh0dHBzOi8vd3d3LnhmaXJlLmNvbS93aGF0LWxlYWtlZC1zdGFyZmllbGQtYWNoaWV2ZW1lbnRzLWxpc3QtdGVsbC11cy_SAQA?hl=en-US&gl=US&ceid=US%3Aen', 'https://news.google.com/articles/CBMiXWh0dHBzOi8vd3d3Lmlnbi5jb20vYXJ0aWNsZXMvc3RhcmZpZWxkLXBjLXN5c3RlbS1yZXF1aXJlbWVudHMtaG93LXRvLWJ1aWxkLWEtcGMtZm9yLXN0YXJmaWVsZNIBAA?hl=en-US&gl=US&ceid=US%3Aen', 'https://news.google.com/articles/CBMiP2h0dHBzOi8vYmVlYm9tLmNvbS9zdGFyZmllbGQtcHJlbG9hZC10aW1lLXNpemUtaG93LXRvLWRvd25sb2FkL9IBQ2h0dHBzOi8vYmVlYm9tLmNvbS9zdGFyZmllbGQtcHJlbG9hZC10aW1lLXNpemUtaG93LXRvLWRvd25sb2FkL2FtcC8?hl=en-US&gl=US&ceid=US%3Aen']"
"Rejoice, Google Keep Gets Text Formatting",2 days ago,"['https://news.google.com/articles/CBMiT2h0dHBzOi8vd3d3LmRyb2lkLWxpZmUuY29tLzIwMjMvMDgvMTgvcmVqb2ljZS1nb29nbGUta2VlcC1nZXRzLXRleHQtZm9ybWF0dGluZy_SAVNodHRwczovL3d3dy5kcm9pZC1saWZlLmNvbS8yMDIzLzA4LzE4L3Jlam9pY2UtZ29vZ2xlLWtlZXAtZ2V0cy10ZXh0LWZvcm1hdHRpbmcvYW1wLw?hl=en-US&gl=US&ceid=US%3Aen', 'https://news.google.com/articles/CBMiNmh0dHBzOi8vd3d3Lm1ha2V1c2VvZi5jb20vZ29vZ2xlLWtlZXAtdmVyc2lvbi1oaXN0b3J5L9IBAA?hl=en-US&gl=US&ceid=US%3Aen', 'https://news.google.com/articles/CBMiO2h0dHBzOi8vY2hyb21ldW5ib3hlZC5jb20vZ29vZ2xlLWtlZXAtdmVyc2lvbi1oaXN0b3J5LXZpZGVv0gEA?hl=en-US&gl=US&ceid=US%3Aen', 'https://news.google.com/articles/CBMiX2h0dHBzOi8vd3d3LmdoYWNrcy5uZXQvMjAyMy8wOC8xOS9nb29nbGUta2VlcC1pcy1nZXR0aW5nLWEtdmVyc2lvbi1oaXN0b3J5LWJ1dC1vbmx5LW9uLXRoZS13ZWIv0gFjaHR0cHM6Ly93d3cuZ2hhY2tzLm5ldC8yMDIzLzA4LzE5L2dvb2dsZS1rZWVwLWlzLWdldHRpbmctYS12ZXJzaW9uLWhpc3RvcnktYnV0LW9ubHktb24tdGhlLXdlYi8_YW1w?hl=en-US&gl=US&ceid=US%3Aen']"
"Google Pixel 7A: 3 Months Later, It's Still a Great Affordable Pick",18 hours ago,"['https://news.google.com/articles/CBMiYmh0dHBzOi8vd3d3LmNuZXQuY29tL3RlY2gvbW9iaWxlL2dvb2dsZS1waXhlbC03YS0zLW1vbnRocy1sYXRlci1pdHMtc3RpbGwtYS1ncmVhdC1hZmZvcmRhYmxlLXBpY2sv0gEA?hl=en-US&gl=US&ceid=US%3Aen', 'https://news.google.com/articles/CBMiV2h0dHBzOi8vd3d3LmFuZHJvaWRjZW50cmFsLmNvbS9waG9uZXMvd2h5LWdvb2dsZS1waXhlbC1waG9uZXMtZG9udC10YWtlLWdyZWF0LXZpZGVvLXlldNIBAA?hl=en-US&gl=US&ceid=US%3Aen', 'https://news.google.com/articles/CBMiOGh0dHBzOi8vd3d3LnBvY2tldC1saW50LmNvbS9nb29nbGUtcGl4ZWwtY2FtZXJhLXByb2JsZW0v0gEA?hl=en-US&gl=US&ceid=US%3Aen', 'https://news.google.com/articles/CBMiNWh0dHBzOi8vd3d3LmdlYXJyaWNlLmNvbS91cGRhdGUvcGl4ZWwtNmEtb3ItcGl4ZWwtN2Ev0gEA?hl=en-US&gl=US&ceid=US%3Aen']"
Google Messages may soon get satellite connectivity support,2 days ago,"['https://news.google.com/articles/CBMiTmh0dHBzOi8vd3d3LnhkYS1kZXZlbG9wZXJzLmNvbS9nb29nbGUtbWVzc2FnZXMtc2F0ZWxsaXRlLWNvbm5lY3Rpdml0eS1zdXBwb3J0L9IBAA?hl=en-US&gl=US&ceid=US%3Aen', 'https://news.google.com/articles/CBMiUmh0dHBzOi8vd2NjZnRlY2guY29tL2dvb2dsZS1tZXNzYWdlcy1jb3VsZC1nZXQtc3VwcG9ydC1mb3Itc2F0ZWxsaXRlLWNvbm5lY3Rpdml0eS_SAVZodHRwczovL3djY2Z0ZWNoLmNvbS9nb29nbGUtbWVzc2FnZXMtY291bGQtZ2V0LXN1cHBvcnQtZm9yLXNhdGVsbGl0ZS1jb25uZWN0aXZpdHkvYW1wLw?hl=en-US&gl=US&ceid=US%3Aen', 'https://news.google.com/articles/CBMiX2h0dHBzOi8vd3d3LnRlY2hyYWRhci5jb20vcGhvbmVzL2dvb2dsZS1tZXNzYWdlcy1taWdodC1zb29uLWdldC1hLWxpZmUtc2F2aW5nLWlwaG9uZS0xNC1mZWF0dXJl0gEA?hl=en-US&gl=US&ceid=US%3Aen', 'https://news.google.com/articles/CBMiTWh0dHBzOi8vd3d3LmFuZHJvaWRwb2xpY2UuY29tL2dvb2dsZS1tZXNzYWdlcy1zYXRlbGxpdGUtY29ubmVjdGl2aXR5LXN1cHBvcnQv0gEA?hl=en-US&gl=US&ceid=US%3Aen']"
No Man's Sky celebrates seventh birthday with tiny tease for next update,2 days ago,"['https://news.google.com/articles/CBMiZmh0dHBzOi8vd3d3LmV1cm9nYW1lci5uZXQvbm8tbWFucy1za3ktY2VsZWJyYXRlcy1zZXZlbnRoLWJpcnRoZGF5LXdpdGgtdmVyeS10aW55LXRlYXNlLWZvci1uZXh0LXVwZGF0ZdIBAA?hl=en-US&gl=US&ceid=US%3Aen', 'https://news.google.com/articles/CBMiZGh0dHBzOi8vd3d3LnJvY2twYXBlcnNob3RndW4uY29tL25vLW1hbnMtc2t5LWlzLXNldmVuLXllYXJzLW9sZC1hbmQtaXRzLW5leHQtdXBkYXRlLWlzLWNhbGxlZC1lY2hvZXPSAQA?hl=en-US&gl=US&ceid=US%3Aen', 'https://news.google.com/articles/CBMiP2h0dHBzOi8vZmFuZG9td2lyZS5jb20vbm8tbWFucy1za3ktY2VsZWJyYXRlcy1zZXZlbnRoLWJpcnRoZGF5L9IBAA?hl=en-US&gl=US&ceid=US%3Aen', 'https://news.google.com/articles/CBMiaWh0dHBzOi8vd3d3LmRleGVydG8uY29tL2dhbWluZy9uby1tYW5zLXNreS1lY2hvZXMtdGVhc2VkLWFzLW5ldy1tYWpvci11cGRhdGUtZm9yLTd0aC1hbm5pdmVyc2FyeS0yMjU2OTAwL9IBAA?hl=en-US&gl=US&ceid=US%3Aen']"
Rare Ferrari expected to break all public auction records showcased at Monterey Car Week,2 days ago,"['https://news.google.com/articles/CBMieWh0dHBzOi8vd3d3LmtzYncuY29tL2FydGljbGUvZmVycmFyaS1leGNlcHRlZC10by1icmVhay1hbGwtcHVibGljLWF1Y3Rpb24tcmVjb3Jkcy1zaG93Y2FzZWQtYXQtbW9udGVyZXktY2FyLXdlZWsvNDQ4NTQ0NzjSAX1odHRwczovL3d3dy5rc2J3LmNvbS9hbXAvYXJ0aWNsZS9mZXJyYXJpLWV4Y2VwdGVkLXRvLWJyZWFrLWFsbC1wdWJsaWMtYXVjdGlvbi1yZWNvcmRzLXNob3djYXNlZC1hdC1tb250ZXJleS1jYXItd2Vlay80NDg1NDQ3OA?hl=en-US&gl=US&ceid=US%3Aen', 'https://news.google.com/articles/CBMiPGh0dHBzOi8vZm9ydHVuZS5jb20vMjAyMy8wOC8xOC9mZXJyYXJpLWF1Y3Rpb24tMTk2Mi0yNTAtZ3RvL9IBQGh0dHBzOi8vZm9ydHVuZS5jb20vMjAyMy8wOC8xOC9mZXJyYXJpLWF1Y3Rpb24tMTk2Mi0yNTAtZ3RvL2FtcC8?hl=en-US&gl=US&ceid=US%3Aen', 'https://news.google.com/articles/CBMiXGh0dHBzOi8vd3d3LmRhaWx5bWFpbC5jby51ay9uZXdzL2FydGljbGUtMTI0MjExMTkvU290aGVieXMtTllDLWF1Y3Rpb24tMTk2Mi1GZXJyYXJpLUdUTy5odG1s0gFgaHR0cHM6Ly93d3cuZGFpbHltYWlsLmNvLnVrL25ld3MvYXJ0aWNsZS0xMjQyMTExOS9hbXAvU290aGVieXMtTllDLWF1Y3Rpb24tMTk2Mi1GZXJyYXJpLUdUTy5odG1s?hl=en-US&gl=US&ceid=US%3Aen', 'https://news.google.com/articles/CBMiXmh0dHBzOi8vd3d3LmxpdmVtaW50LmNvbS9hdXRvLW5ld3Mvd291bGQteW91LXNwZW5kLTYwLW1pbGxpb24tb24tYS1mZXJyYXJpLTExNjkyMzY5MDYzMzg4Lmh0bWzSAWJodHRwczovL3d3dy5saXZlbWludC5jb20vYXV0by1uZXdzL3dvdWxkLXlvdS1zcGVuZC02MC1taWxsaW9uLW9uLWEtZmVycmFyaS9hbXAtMTE2OTIzNjkwNjMzODguaHRtbA?hl=en-US&gl=US&ceid=US%3Aen']"
"SanDisk Extreme SSDs are “worthless,” multiple lawsuits against WD say",2 days ago,"['https://news.google.com/articles/CBMibGh0dHBzOi8vYXJzdGVjaG5pY2EuY29tL2dhZGdldHMvMjAyMy8wOC9zYW5kaXNrLWV4dHJlbWUtc3Nkcy1hcmUtd29ydGhsZXNzLW11bHRpcGxlLWxhd3N1aXRzLWFnYWluc3Qtd2Qtc2F5L9IBcGh0dHBzOi8vYXJzdGVjaG5pY2EuY29tL2dhZGdldHMvMjAyMy8wOC9zYW5kaXNrLWV4dHJlbWUtc3Nkcy1hcmUtd29ydGhsZXNzLW11bHRpcGxlLWxhd3N1aXRzLWFnYWluc3Qtd2Qtc2F5L2FtcC8?hl=en-US&gl=US&ceid=US%3Aen', 'https://news.google.com/articles/CBMiWWh0dHBzOi8vd3d3LnRoZXZlcmdlLmNvbS8yMzgzNzUxMy93ZXN0ZXJuLWRpZ2l0YWwtc2FuZGlzay1zc2QtY29ycnVwdGVkLWRlbGV0ZWQtcXVlc3Rpb25z0gEA?hl=en-US&gl=US&ceid=US%3Aen', 'https://news.google.com/articles/CBMiXWh0dHBzOi8vd3d3LmRpZ2l0YWxjYW1lcmF3b3JsZC5jb20vbmV3cy95b3VyLWRhdGEtbWlnaHQtbm90LWJlLXNhZmUtb24tYS1zYW5kaXNrLXBvcnRhYmxlLXNzZNIBAA?hl=en-US&gl=US&ceid=US%3Aen', 'https://news.google.com/articles/CBMiX2h0dHBzOi8vd3d3LnBjbWFnLmNvbS9uZXdzL3dlc3Rlcm4tZGlnaXRhbC1oaXQtd2l0aC1jbGFzcy1hY3Rpb24tc3VpdC1vdmVyLWZhdWx0eS1wb3J0YWJsZS1zc2Rz0gEA?hl=en-US&gl=US&ceid=US%3Aen']"
This 9/10 racing game is free on Steam for the weekend,2 days ago,"['https://news.google.com/articles/CBMiO2h0dHBzOi8vd3d3LnBjZ2FtZXNuLmNvbS9mb3J6YS1ob3Jpem9uLTUvZnJlZS13ZWVrZW5kLXN0ZWFt0gEA?hl=en-US&gl=US&ceid=US%3Aen', 'https://news.google.com/articles/CBMiaWh0dHBzOi8vd3d3LmdhbWluZ2JpYmxlLmNvbS9uZXdzL3BsYXRmb3JtL3hib3gvZnJlZS1nb3R5LWNvbnRlbmRlci1hdmFpbGFibGUtdG8tcGxheS1mcmVlLTgxOTkzNi0yMDIzMDgxONIBAA?hl=en-US&gl=US&ceid=US%3Aen', 'https://news.google.com/articles/CBMiVGh0dHBzOi8vd3d3Lnhib3hhY2hpZXZlbWVudHMuY29tL25ld3MvZnJlZS1wbGF5LWRheXMtZm91ci1nYW1lcy10by10cnktdGhpcy13ZWVrZW5kL9IBAA?hl=en-US&gl=US&ceid=US%3Aen', 'https://news.google.com/articles/CBMiS2h0dHBzOi8vd3d3LnRoZXN1bi5jby51ay90ZWNoLzIzNTQ1NjQ4L3hib3gtZnJlZS1wbGF5LWRheXMtZm9yemEtaG9yaXpvbi01L9IBT2h0dHBzOi8vd3d3LnRoZXN1bi5jby51ay90ZWNoLzIzNTQ1NjQ4L3hib3gtZnJlZS1wbGF5LWRheXMtZm9yemEtaG9yaXpvbi01L2FtcC8?hl=en-US&gl=US&ceid=US%3Aen']"
Nintendo Switch emulators Yuzu & Ryujinx can already run Red Dead Redemption on PC,19 hours ago,"['https://news.google.com/articles/CBMifWh0dHBzOi8vd3d3LmRzb2dhbWluZy5jb20vdmlkZW90cmFpbGVyLW5ld3MvbmludGVuZG8tc3dpdGNoLWVtdWxhdG9ycy15dXp1LXJ5dWppbngtY2FuLWFscmVhZHktcnVuLXJlZC1kZWFkLXJlZGVtcHRpb24tb24tcGMv0gEA?hl=en-US&gl=US&ceid=US%3Aen', 'https://news.google.com/articles/CCAiC25PNDhRWUFTOUtnmAEB?hl=en-US&gl=US&ceid=US%3Aen', 'https://news.google.com/articles/CBMiYWh0dHBzOi8vd3d3LnRvbXNndWlkZS5jb20vb3Bpbmlvbi9yZWQtZGVhZC1yZWRlbXB0aW9uLXByb3Zlcy13ZS1kb250LW5lZWQtYS1uaW50ZW5kby1zd2l0Y2gtMi15ZXTSAQA?hl=en-US&gl=US&ceid=US%3Aen', 'https://news.google.com/articles/CCAiC0UwcXlUdGRYTzcwmAEB?hl=en-US&gl=US&ceid=US%3Aen']"
The Walking Dead: Destinies Announced And First Trailer Released,2 days ago,"['https://news.google.com/articles/CBMiSGh0dHBzOi8vaW5zaWRlci1nYW1pbmcuY29tL3RoZS13YWxraW5nLWRlYWQtZGVzdGluaWVzLWFubm91bmNlZC10cmFpbGVyL9IBAA?hl=en-US&gl=US&ceid=US%3Aen', 'https://news.google.com/articles/CBMiRWh0dHBzOi8vd3d3LmRhcmtob3Jpem9ucy5jb20vdGhlLXdhbGtpbmctZGVhZC1kZXN0aW5pZXMtZ2FtZS10cmFpbGVyL9IBAA?hl=en-US&gl=US&ceid=US%3Aen', 'https://news.google.com/articles/CBMiUmh0dHBzOi8vd3d3LmRpZ2l0YWxzcHkuY29tL3RlY2gvYTQ0ODU2NDI3L3dhbGtpbmctZGVhZC1nYW1lLXJpY2stZ3JpbWVzLWFubm91bmNlZC_SAQA?hl=en-US&gl=US&ceid=US%3Aen', 'https://news.google.com/articles/CBMiZmh0dHBzOi8vd3d3Lm9ubHljb21pY3VuaXZlcnNlLmNvbS93aHktdGhlLXdhbGtpbmctZGVhZC1kZXN0aW5lcy1nYW1lLWNvdWxkLWJlLWEtZmFudGFzdGljLXpvbWJpZS1nYW1lL9IBamh0dHBzOi8vd3d3Lm9ubHljb21pY3VuaXZlcnNlLmNvbS93aHktdGhlLXdhbGtpbmctZGVhZC1kZXN0aW5lcy1nYW1lLWNvdWxkLWJlLWEtZmFudGFzdGljLXpvbWJpZS1nYW1lL2FtcC8?hl=en-US&gl=US&ceid=US%3Aen']"
PlayStation Plus free games includes one of the best-looking remakes of all time,2 days ago,"['https://news.google.com/articles/CBMifWh0dHBzOi8vd3d3LmdhbWluZ2JpYmxlLmNvbS9uZXdzL3BsYXRmb3JtL3BsYXlzdGF0aW9uL3BsYXlzdGF0aW9uLXBsdXMtZnJlZS1nYW1lcy1ncmVhdGVzdC1yZW1ha2Utb2YtYWxsLXRpbWUtMDMxMzA2LTIwMjMwODE40gEA?hl=en-US&gl=US&ceid=US%3Aen', 'https://news.google.com/articles/CBMidmh0dHBzOi8vd3d3LmdhbWluZ2JpYmxlLmNvbS9uZXdzL3BsYXRmb3JtL3BsYXlzdGF0aW9uL3BsYXlzdGF0aW9uLXBsdXMtZnJlZS1nYW1lLXVuZGVycmF0ZWQtMjAyMi10aXRsZS01MTgzODEtMjAyMzA4MTfSAQA?hl=en-US&gl=US&ceid=US%3Aen', 'https://news.google.com/articles/CBMicWh0dHBzOi8vd3d3LmdhbWluZ2JpYmxlLmNvbS9uZXdzL3BsYXRmb3JtL3BsYXlzdGF0aW9uL3BsYXlzdGF0aW9uLXBsdXMtY2hlY2stb3V0LTg2aG91ci1nYW1lLWZyZWUtNjI2MTYzLTIwMjMwODE40gEA?hl=en-US&gl=US&ceid=US%3Aen', 'https://news.google.com/articles/CBMidGh0dHBzOi8vd3d3LmdhbWluZ2JpYmxlLmNvbS9uZXdzL3BsYXRmb3JtL3BsYXlzdGF0aW9uL3BsYXlzdGF0aW9uLXBsdXMtZnJlZS1sYXN0LWNoYW5jZS0yMDIxLXJlbGVhc2UtMzA4NDA2LTIwMjMwODE40gEA?hl=en-US&gl=US&ceid=US%3Aen']"
"Wayfinder Devs Address Early Access Server Issues, Server Caps, Promising a Full Explanation and Plan Today",2 days ago,"['https://news.google.com/articles/CBMikAFodHRwczovL3d3dy5tbW9ycGcuY29tL25ld3Mvd2F5ZmluZGVyLWRldnMtYWRkcmVzcy1lYXJseS1hY2Nlc3Mtc2VydmVyLWlzc3Vlcy1zZXJ2ZXItY2Fwcy1wcm9taXNpbmctYS1mdWxsLWV4cGxhbmF0aW9uLWFuZC1wbGFuLXRvZGF5LTIwMDAxMjg3MjfSAZkBaHR0cHM6Ly93d3cubW1vcnBnLmNvbS9uZXdzL3dheWZpbmRlci1kZXZzLWFkZHJlc3MtZWFybHktYWNjZXNzLXNlcnZlci1pc3N1ZXMtc2VydmVyLWNhcHMtcHJvbWlzaW5nLWEtZnVsbC1leHBsYW5hdGlvbi1hbmQtcGxhbi10b2RheS0yMDAwMTI4NzI3P2FtcD10cnVl?hl=en-US&gl=US&ceid=US%3Aen', 'https://news.google.com/articles/CBMigQFodHRwczovL3d3dy5yb2NrcGFwZXJzaG90Z3VuLmNvbS93YXlmaW5kZXJzLWRldmVsb3BlcnMtYXBvbG9naXNlLWZvci1yb3VnaC1sYXVuY2gtYXMtaXQtcmVjZWl2ZXMtbW9zdGx5LW5lZ2F0aXZlLXJldmlld3Mtb24tc3RlYW3SAQA?hl=en-US&gl=US&ceid=US%3Aen', 'https://news.google.com/articles/CBMiPmh0dHBzOi8vdGhlbmVyZHN0YXNoLmNvbS9ob3ctdG8tZml4LWxvZ2luLWZhaWxlZC1pbi13YXlmaW5kZXIv0gEA?hl=en-US&gl=US&ceid=US%3Aen', 'https://news.google.com/articles/CBMigwFodHRwczovL3d3dy5tbW9ycGcuY29tL25ld3Mvd2F5ZmluZGVycy1lYXJseS1hY2Nlc3MtbGF1bmNoLWlzc3Vlcy1wZXJzaXN0LXRlYW0tYWRkcmVzc2VzLXByb2JsZW1zLWFuZC1wbGFucy1jb21wZW5zYXRpb24tMjAwMDEyODczMtIBjAFodHRwczovL3d3dy5tbW9ycGcuY29tL25ld3Mvd2F5ZmluZGVycy1lYXJseS1hY2Nlc3MtbGF1bmNoLWlzc3Vlcy1wZXJzaXN0LXRlYW0tYWRkcmVzc2VzLXByb2JsZW1zLWFuZC1wbGFucy1jb21wZW5zYXRpb24tMjAwMDEyODczMj9hbXA9dHJ1ZQ?hl=en-US&gl=US&ceid=US%3Aen']"
"GoPro Hero 12 Black: No new 1-inch camera sensor for DJI Osmo Action 4 rival as leaker reveals pricing, release date and humdrum specifications",11 hours ago,"['https://news.google.com/articles/CBMiuQFodHRwczovL3d3dy5ub3RlYm9va2NoZWNrLm5ldC9Hb1Byby1IZXJvLTEyLUJsYWNrLU5vLW5ldy0xLWluY2gtY2FtZXJhLXNlbnNvci1mb3ItREpJLU9zbW8tQWN0aW9uLTQtcml2YWwtYXMtbGVha2VyLXJldmVhbHMtcHJpY2luZy1yZWxlYXNlLWRhdGUtYW5kLWh1bWRydW0tc3BlY2lmaWNhdGlvbnMuNzQyMjYzLjAuaHRtbNIBAA?hl=en-US&gl=US&ceid=US%3Aen', 'https://news.google.com/articles/CBMiTWh0dHBzOi8vd2NjZnRlY2guY29tL2dvcHJvLWhlcm8xMi1ibGFjay1hY3Rpb24tY2FtZXJhLXNwZWNpZmljYXRpb25zLXJvdW5kdXAv0gFRaHR0cHM6Ly93Y2NmdGVjaC5jb20vZ29wcm8taGVybzEyLWJsYWNrLWFjdGlvbi1jYW1lcmEtc3BlY2lmaWNhdGlvbnMtcm91bmR1cC9hbXAv?hl=en-US&gl=US&ceid=US%3Aen', 'https://news.google.com/articles/CBMiU2h0dHBzOi8vd3d3Lm15c21hcnRwcmljZS5jb20vZ2Vhci9nb3Byby1oZXJvLTEyLWJsYWNrLWltYWdlcy1zcGVjaWZpY2F0aW9ucy1sZWFrZWQv0gFXaHR0cHM6Ly93d3cubXlzbWFydHByaWNlLmNvbS9nZWFyL2dvcHJvLWhlcm8tMTItYmxhY2staW1hZ2VzLXNwZWNpZmljYXRpb25zLWxlYWtlZC8_YW1w?hl=en-US&gl=US&ceid=US%3Aen']"
New Apple Watches Hinted at in Bluetooth Database as Launch Nears,2 days ago,"['https://news.google.com/articles/CBMiV2h0dHBzOi8vd3d3Lm1hY3J1bW9ycy5jb20vMjAyMy8wOC8xOC9uZXctYXBwbGUtd2F0Y2hlcy1oaW50ZWQtYXQtaW4tYmx1ZXRvb3RoLWRhdGFiYXNlL9IBAA?hl=en-US&gl=US&ceid=US%3Aen', 'https://news.google.com/articles/CBMifmh0dHBzOi8vd3d3LnRlY2hyYWRhci5jb20vaGVhbHRoLWZpdG5lc3Mvc21hcnR3YXRjaGVzL2FwcGxlLXdhdGNoLTktZGF0YWJhc2UtbGVhay1zdWdnZXN0cy1pdGxsLWxhdW5jaC1hbG9uZ3NpZGUtdGhlLWlwaG9uZS0xNdIBAA?hl=en-US&gl=US&ceid=US%3Aen', 'https://news.google.com/articles/CCAiC2JaSjNKSDJtRkZzmAEB?hl=en-US&gl=US&ceid=US%3Aen', 'https://news.google.com/articles/CBMiWGh0dHBzOi8vYXBwbGVpbnNpZGVyLmNvbS9hcnRpY2xlcy8yMy8wOC8xOC9uZXctYXBwbGUtd2F0Y2gtcG9wcy11cC1pbi1ibHVldG9vdGgtZGF0YWJhc2XSAV1odHRwczovL2FwcGxlaW5zaWRlci5jb20vYXJ0aWNsZXMvMjMvMDgvMTgvbmV3LWFwcGxlLXdhdGNoLXBvcHMtdXAtaW4tYmx1ZXRvb3RoLWRhdGFiYXNlL2FtcC8?hl=en-US&gl=US&ceid=US%3Aen']"
Today is the last day to save on the PS5 and its colorful DualSense controllers,15 hours ago,"['https://news.google.com/articles/CBMieGh0dHBzOi8vd3d3LnRoZXZlcmdlLmNvbS8yMDIzLzgvMTkvMjM4MzcxOTYvc29ueS1wbGF5c3RhdGlvbi01LXBzNS1kdWFsc2Vuc2Utd2lyZWxlc3MtY29udHJvbGxlci1jb25zb2xlLWNvdmVyLWRlYWwtc2FsZdIBAA?hl=en-US&gl=US&ceid=US%3Aen', 'https://news.google.com/articles/CBMiemh0dHBzOi8vd3d3Lmlnbi5jb20vYXJ0aWNsZXMvZGFpbHktZGVhbHMtcHJlb3JkZXItdGhlLXNwaWRlci1tYW4tMi1wbGF5c3RhdGlvbi01LXNhdmUtb24tZmlyc3QtcGFydHktc3dpdGNoLWdhbWVzLWFuZC1tb3Jl0gEA?hl=en-US&gl=US&ceid=US%3Aen', 'https://news.google.com/articles/CBMiQ2h0dHBzOi8vY29taWNib29rLmNvbS9nYW1pbmcvbmV3cy9wczUtcGxheXN0YXRpb24tNS1nYW1lLWdyaXMtc2FsZS_SAUdodHRwczovL2NvbWljYm9vay5jb20vZ2FtaW5nL2FtcC9uZXdzL3BzNS1wbGF5c3RhdGlvbi01LWdhbWUtZ3Jpcy1zYWxlLw?hl=en-US&gl=US&ceid=US%3Aen', 'https://news.google.com/articles/CBMiOGh0dHBzOi8vZ2FtZXJhbnQuY29tL3Njb3JlLW92ZXItNDAtb2ZmLXJldHVybmFsLWZvci1wczUv0gEA?hl=en-US&gl=US&ceid=US%3Aen']"
Seven Xbox-Related Events To Watch Over The Next Few Days,10 hours ago,"['https://news.google.com/articles/CBMiWWh0dHBzOi8vd3d3LnB1cmV4Ym94LmNvbS9ndWlkZXMvc2V2ZW4teGJveC1yZWxhdGVkLWV2ZW50cy10by13YXRjaC1vdmVyLXRoZS1uZXh0LWZldy1kYXlz0gEA?hl=en-US&gl=US&ceid=US%3Aen', 'https://news.google.com/articles/CBMiSWh0dHBzOi8vd3d3Lmlnbi5jb20vYXJ0aWNsZXMvYmxhY2stbXl0aC13dWtvbmctdGhlLWZpcnN0LWhhbmRzLW9uLXByZXZpZXfSAQA?hl=en-US&gl=US&ceid=US%3Aen', 'https://news.google.com/articles/CBMiS2h0dHBzOi8vdGhlbmVyZHN0YXNoLmNvbS9ldmVyeS1tYWpvci1zaG93Y2FzZS1vZi1nYW1lc2NvbS0yMDIzLXRoZWlyLXRpbWVzL9IBAA?hl=en-US&gl=US&ceid=US%3Aen', 'https://news.google.com/articles/CBMiUmh0dHBzOi8vY29taWNib29rLmNvbS9nYW1pbmcvbmV3cy9nZW9mZi1rZWlnaGxleS1nYW1lc2NvbS1vcGVuaW5nLW5pZ2h0LWxpdmUtMjAyMy_SAVZodHRwczovL2NvbWljYm9vay5jb20vZ2FtaW5nL2FtcC9uZXdzL2dlb2ZmLWtlaWdobGV5LWdhbWVzY29tLW9wZW5pbmctbmlnaHQtbGl2ZS0yMDIzLw?hl=en-US&gl=US&ceid=US%3Aen']"
Auntie Ethel & Antisemitism in Baldur's Gate 3,2 days ago,"['https://news.google.com/articles/CBMiXmh0dHBzOi8vd3d3LnRoZW1hcnlzdWUuY29tL3RoaXMtYmFsZHVycy1nYXRlLTMtcGxvdC1pcy11bmFibGUtdG8tc2hha2UtaGFybWZ1bC1mYW50YXN5LXRyb3Blcy_SAQA?hl=en-US&gl=US&ceid=US%3Aen', 'https://news.google.com/articles/CBMiWmh0dHBzOi8vZ2FtZXJhbnQuY29tL2JhbGR1cnMtZ2F0ZS0zLWdpdGh5YW5raS1pbGxpdGhpZHMtbWluZC1mbGF5ZXItaGF0cmVkLWxvcmUtZXhwbGFpbmVkL9IBAA?hl=en-US&gl=US&ceid=US%3Aen', 'https://news.google.com/articles/CBMiSmh0dHBzOi8vc2NyZWVucmFudC5jb20vYmFsZHVycy1nYXRlLTMtY3VzdG9tLWNoYXJhY3Rlci12b2ljZXMtYmFja2dyb3VuZHMv0gEA?hl=en-US&gl=US&ceid=US%3Aen', 'https://news.google.com/articles/CBMiTmh0dHBzOi8vd3d3LmRlc3RydWN0b2lkLmNvbS93aGVuLWRvZXMtYWN0LTItc3RhcnQtaW4tYmFsZHVycy1nYXRlLTMtZXhwbGFpbmVkL9IBAA?hl=en-US&gl=US&ceid=US%3Aen']"
Passwords are a problem... introducing Passkeys in 1Password [Sponsored],9 hours ago,"['https://news.google.com/articles/CCAiC3FPOXpQa0MzZ0dRmAEB?hl=en-US&gl=US&ceid=US%3Aen', 'https://news.google.com/articles/CCAiC1RDVzFjcC1FdF9JmAEB?hl=en-US&gl=US&ceid=US%3Aen', 'https://news.google.com/articles/CBMiZmh0dHBzOi8vOXRvNW1hYy5jb20vMjAyMy8wOC8xOS9pbnRyb2R1Y2luZy1wYXNza2V5cy1pbi0xcGFzc3dvcmQtYS1uZXcta2luZC1vZi1sb2dpbi1jcmVkZW50aWFsLXZpZGVvL9IBAA?hl=en-US&gl=US&ceid=US%3Aen']"
Bomb Rush Cyberfunk - Official Launch Trailer,2 days ago,"['https://news.google.com/articles/CCAiCzFqb29yeWhTSmJFmAEB?hl=en-US&gl=US&ceid=US%3Aen', 'https://news.google.com/articles/CBMiXWh0dHBzOi8vd3d3Lm5pbnRlbmRvbGlmZS5jb20vbmV3cy8yMDIzLzA4L3JvdW5kLXVwLXRoZS1yZXZpZXdzLWFyZS1pbi1mb3ItYm9tYi1ydXNoLWN5YmVyZnVua9IBAA?hl=en-US&gl=US&ceid=US%3Aen', 'https://news.google.com/articles/CBMiSmh0dHBzOi8vbmludGVuZG9ldmVyeXRoaW5nLmNvbS9yZXZpZXctYm9tYi1ydXNoLWN5YmVyZnVuay1uaW50ZW5kby1zd2l0Y2gv0gEA?hl=en-US&gl=US&ceid=US%3Aen', 'https://news.google.com/articles/CBMiMmh0dHBzOi8vbm9pc3lwaXhlbC5uZXQvYm9tYi1ydXNoLWN5YmVyZnVuay1yZXZpZXcv0gEA?hl=en-US&gl=US&ceid=US%3Aen']"
Chromebooks could be getting ultra-wideband (UWB) in the future,2 days ago,"['https://news.google.com/articles/CBMiQ2h0dHBzOi8vd3d3LmFuZHJvaWRhdXRob3JpdHkuY29tL2Nocm9tZWJvb2tzLWNvdWxkLWdldC11d2ItMzM1NjMxOC_SAQA?hl=en-US&gl=US&ceid=US%3Aen', 'https://news.google.com/articles/CBMiYmh0dHBzOi8vd3d3LmdzbWFyZW5hLmNvbS9nb29nbGVfaXNfd29ya2luZ19vbl9uZXdfdXdiYmFzZWRfZmVhdHVyZXNfZm9yX2Nocm9tZWJvb2tzLW5ld3MtNTk2MDYucGhw0gFfaHR0cHM6Ly9tLmdzbWFyZW5hLmNvbS9nb29nbGVfaXNfd29ya2luZ19vbl9uZXdfdXdiYmFzZWRfZmVhdHVyZXNfZm9yX2Nocm9tZWJvb2tzLWFtcC01OTYwNi5waHA?hl=en-US&gl=US&ceid=US%3Aen', 'https://news.google.com/articles/CBMiR2h0dHBzOi8vY2hyb21ldW5ib3hlZC5jb20vdXdiLXVsdHJhLXdpZGUtYmFuZC1pcy1jb21pbmctdG8tY2hyb21lYm9va3Mv0gEA?hl=en-US&gl=US&ceid=US%3Aen', 'https://news.google.com/articles/CBMiT2h0dHBzOi8vd3d3Lmdpem1vY2hpbmEuY29tLzIwMjMvMDgvMTkvZ29vZ2xlLWNocm9tZWJvb2tzLXVsdHJhLXdpZGViYW5kLXRlYXNlZC_SAQA?hl=en-US&gl=US&ceid=US%3Aen']"
